source,avg_interval,std_dev,label
wrist_hr.csv,1000.0,0.0,0
zephyr_activity_summary.csv,1000.0,0.0,0
forehead_eeg_theta_abs.csv,111.35892116182572,842.2941630933442,0
chest_raw_ecg.csv,4.0,0.0,0
forehead_eeg_beta_abs.csv,111.39050798520256,842.3807195408415,0
forehead_acc.csv,21.668831396777477,368.43458260612107,0
forehead_eeg_gamma_abs.csv,111.35892116182572,842.2864136401927,0
chest_physiology_summary.csv,1000.0,0.0,0
zephyr_device_status.csv,1000.0,0.0,0
muse_jaw_clenches.csv,84186.57142857143,87436.734174984,0
forehead_eeg_raw.csv,4.343591457622348,164.30905297654616,0
chest_sensor_summary.csv,1000.0,0.0,0
muse_blinks.csv,1068.370883882149,2751.662007469169,0
wrist_eda.csv,250.0,0.0,0
forehead_eeg_delta_abs.csv,111.37910501623962,842.3407927306679,0
ear_gyro_left.csv,9.597613495024875,0.5048160637865846,0
wrist_ibi.csv,1995.798275862069,4575.384213770905,0
ear_gyro_right.csv,9.597683457711442,0.5117309447836644,0
forehead_gyro.csv,21.65932735662029,372.89957711739686,0
ear_acc_right.csv,9.597683457711442,0.5117309447836644,0
muse_device_touch.csv,111.41061276058117,845.0831864566815,0
chest_raw_breathing.csv,40.0,0.0,0
wrist_skin_temperature.csv,250.0,0.0,0
muse_device_battery.csv,10901.401785714286,7794.6563833443715,0
muse_device_fit.csv,111.37910501623962,844.8486265305025,0
wrist_acc.csv,31.25000632799251,0.4330218356513561,0
chest_raw_acc.csv,10.0,0.0,0
wrist_bvp.csv,15.625,0.4841259817536626,0
forehead_eeg_alpha_abs.csv,111.41061276058117,845.0922287326218,0
ear_ppg_right.csv,10.0,0.0,0
chest_bb_interval.csv,2956.5384615384614,915.7026604594789,0
chest_rr_interval.csv,679.3259911894273,135.45242425269313,0
ear_acc_left.csv,9.597613495024875,0.5048160637865846,0
ear_ppg_left.csv,10.0,0.0,0
wrist_hr.csv,1000.0,0.0,0
zephyr_activity_summary.csv,1000.0,0.0,0
forehead_eeg_theta_abs.csv,101.98470056826461,58.22399482027749,0
chest_raw_ecg.csv,4.0,0.0,0
forehead_eeg_beta_abs.csv,101.98579338481713,58.39245418083653,0
forehead_acc.csv,19.82087840516509,35.70619877618084,0
forehead_eeg_gamma_abs.csv,102.0155225185833,58.25661780009323,0
chest_physiology_summary.csv,1000.0,0.0,0
zephyr_device_status.csv,1000.0,0.0,0
muse_jaw_clenches.csv,7230.703910614525,18964.700635315057,0
forehead_eeg_raw.csv,3.964234037552703,15.796008126609081,0
chest_sensor_summary.csv,1000.0,0.0,0
muse_blinks.csv,976.129189944134,696.3700667111012,0
wrist_eda.csv,250.0,0.0,0
forehead_eeg_delta_abs.csv,101.99213114754099,58.37350786232019,0
ear_gyro_left.csv,9.597892557450775,0.5011534666340575,0
wrist_ibi.csv,1089.24703087886,4605.1867871599925,0
ear_gyro_right.csv,9.597892557450775,0.5051186420762451,0
forehead_gyro.csv,19.806700338129396,35.422553643458905,0
ear_acc_right.csv,9.597892557450775,0.5051186420762451,0
muse_device_touch.csv,101.97836380855249,58.42243087554453,0
chest_raw_breathing.csv,40.0,0.0,0
wrist_skin_temperature.csv,250.0,0.0,0
muse_device_battery.csv,10006.575539568345,38.09845719750267,0
muse_device_fit.csv,101.97093531468532,58.23158687392981,0
wrist_acc.csv,31.25,0.4330175347041738,0
chest_raw_acc.csv,10.0,0.0,0
wrist_bvp.csv,15.625,0.484125619877326,0
forehead_eeg_alpha_abs.csv,101.98579338481713,58.41359987722282,0
ear_ppg_right.csv,10.0,0.0,0
chest_bb_interval.csv,2644.299424184261,1519.4452234601365,0
chest_rr_interval.csv,500.6343470483005,104.96541391503612,0
ear_acc_left.csv,9.597892557450775,0.5011534666340575,0
ear_ppg_left.csv,10.0,0.0,0
wrist_hr.csv,1000.0,0.0,0
zephyr_activity_summary.csv,1000.0,0.0,0
forehead_eeg_theta_abs.csv,105.38177481700798,316.05589014464294,0
chest_raw_ecg.csv,4.0,0.0,0
forehead_eeg_beta_abs.csv,105.38912650106926,316.13788754588694,0
forehead_acc.csv,24.84686833430289,151.9067707635201,0
forehead_eeg_gamma_abs.csv,105.37310855263158,316.0416109900267,0
chest_physiology_summary.csv,1000.0,0.0,0
zephyr_device_status.csv,1000.0,0.0,0
muse_jaw_clenches.csv,2081.7988721804513,6651.962222075216,0
forehead_eeg_raw.csv,5.39058206713149,77.11519125609531,0
chest_sensor_summary.csv,1000.0,0.0,0
muse_blinks.csv,820.6083333333333,1167.9494554675935,0
wrist_eda.csv,250.0,0.0,0
forehead_eeg_delta_abs.csv,105.40778216518592,316.08354648835245,0
ear_gyro_left.csv,9.597711871996179,0.5093085408867045,0
wrist_ibi.csv,1390.9661572052403,3995.1146209988988,0
ear_gyro_right.csv,9.597701406768909,0.500978132121732,0
forehead_gyro.csv,26.140149351179303,160.30144372989017,0
ear_acc_right.csv,9.597701406768909,0.500978132121732,0
muse_device_touch.csv,105.38045891931903,316.13457355460946,0
chest_raw_breathing.csv,40.0,0.0,0
wrist_skin_temperature.csv,250.0,0.0,0
muse_device_battery.csv,10979.991228070176,11972.844841627753,0
muse_device_fit.csv,105.4152200740436,316.1045247119779,0
wrist_acc.csv,31.25,0.4330179089690895,0
chest_raw_acc.csv,10.0,0.0,0
wrist_bvp.csv,15.625004509325285,0.4841246647268042,0
forehead_eeg_alpha_abs.csv,105.38912650106926,316.1266360429675,0
ear_ppg_right.csv,10.0,0.0,0
chest_bb_interval.csv,3907.0157068062827,2557.979258951425,0
chest_rr_interval.csv,684.3653136531366,146.41894086312783,0
ear_acc_left.csv,9.597711871996179,0.5093085408867045,0
ear_ppg_left.csv,10.0,0.0,0
wrist_hr.csv,1000.0,0.0,0
zephyr_activity_summary.csv,1000.0,0.0,0
forehead_eeg_theta_abs.csv,101.69067908284283,27.185775880293733,0
chest_raw_ecg.csv,4.0,0.0,0
forehead_eeg_beta_abs.csv,101.69891056053417,27.180869756853646,0
forehead_acc.csv,19.737556483928724,29.007194402826578,0
forehead_eeg_gamma_abs.csv,101.69006413072125,27.194801774690035,0
chest_physiology_summary.csv,1000.0,0.0,0
zephyr_device_status.csv,1000.0,0.0,0
muse_jaw_clenches.csv,29597.89285714286,43714.465733844925,0
forehead_eeg_raw.csv,3.9591037506755047,12.845962268842518,0
chest_sensor_summary.csv,1000.0,0.0,0
muse_blinks.csv,1014.1141352063213,2211.671594869411,0
wrist_eda.csv,250.0,0.0,0
forehead_eeg_delta_abs.csv,101.69006413072125,27.11063477415132,0
ear_gyro_left.csv,9.597530946083756,0.5034285718585262,0
wrist_ibi.csv,2528.0846153846155,13376.11452668032,0
ear_gyro_right.csv,9.597534282919064,0.5034113494021446,0
forehead_gyro.csv,19.731517310741012,28.885291282310433,0
ear_acc_right.csv,9.597534282919064,0.5034113494021446,0
muse_device_touch.csv,101.69891056053417,27.20877567167667,0
chest_raw_breathing.csv,40.0,0.0,0
wrist_skin_temperature.csv,250.0,0.0,0
muse_device_battery.csv,10006.59649122807,21.85742995451974,0
muse_device_fit.csv,101.72581070392829,27.21341753598892,0
wrist_acc.csv,31.250006748913425,0.43302244321036454,0
chest_raw_acc.csv,10.0,0.0,0
wrist_bvp.csv,15.625003374456712,0.48412531431329175,0
forehead_eeg_alpha_abs.csv,101.70793427642562,27.166519592654907,0
ear_ppg_right.csv,10.0,0.0,0
chest_bb_interval.csv,2411.5481171548117,1044.4577243390268,0
chest_rr_interval.csv,702.9860267314702,184.58436457775727,0
ear_acc_left.csv,9.597530946083756,0.5034285718585262,0
ear_ppg_left.csv,10.0,0.0,0
wrist_hr.csv,1000.0,0.0,0
zephyr_activity_summary.csv,1000.0,0.0,0
forehead_eeg_theta_abs.csv,115.22383784974664,1225.4678666741597,0
chest_raw_ecg.csv,4.0,0.0,0
forehead_eeg_beta_abs.csv,115.14773227653016,1225.2198079791676,0
ear_acc_left2.csv,9.594021590864804,0.5230215752487642,0
forehead_acc.csv,22.44974566995042,541.9263394793383,0
forehead_eeg_gamma_abs.csv,115.2365318937975,1225.5367907272257,0
chest_physiology_summary.csv,1000.0,0.0,0
zephyr_device_status.csv,1000.0,0.0,0
muse_jaw_clenches.csv,4874.839805825242,23051.181863961596,0
ear_gyro_left2.csv,9.594021590864804,0.5230215752487642,0
forehead_eeg_raw.csv,4.501277914031238,242.43590614218056,0
chest_sensor_summary.csv,1000.0,0.0,0
muse_blinks.csv,1229.790588235294,4057.3021946381646,0
ear_gyro_right2.csv,9.594200639176865,0.5177852932100883,0
wrist_eda.csv,250.0,0.0,0
forehead_eeg_delta_abs.csv,115.17308962783528,1225.3548291036693,0
ear_gyro_left.csv,9.592745259686728,0.5467869096565035,0
wrist_ibi.csv,1518.863924050633,4134.458063720281,0
ear_gyro_right.csv,9.59297426032793,0.5428387276522039,0
forehead_gyro.csv,22.49416141588353,542.2834873365607,0
ear_acc_right.csv,9.59297426032793,0.5428387276522039,0
muse_device_touch.csv,115.52926883145571,1227.2562651390058,0
chest_raw_breathing.csv,40.0,0.0,0
wrist_skin_temperature.csv,250.0,0.0,0
muse_device_battery.csv,11287.760869565218,12375.34918621086,0
ear_acc_right2.csv,9.594200639176865,0.5177852932100883,0
muse_device_fit.csv,115.15688649124739,1225.1346378260778,0
wrist_acc.csv,31.25,0.43301916954670905,0
chest_raw_acc.csv,10.0,0.0,0
ear_ppg_left2.csv,10.0,0.0,0
wrist_bvp.csv,15.625005600943945,0.48412508750758165,0
forehead_eeg_alpha_abs.csv,115.14773227653016,1225.2311565408472,0
ear_ppg_right.csv,10.0,0.0,0
chest_bb_interval.csv,2541.021897810219,723.9686875099816,0
chest_rr_interval.csv,739.2164073550213,141.06871378674853,0
ear_acc_left.csv,9.592745259686728,0.5467869096565035,0
ear_ppg_left.csv,10.0,0.0,0
ear_ppg_right2.csv,10.0,0.0,0
wrist_hr.csv,1000.0,0.0,0
zephyr_activity_summary.csv,1000.0,0.0,0
forehead_eeg_theta_abs.csv,102.45478456913828,92.95059817134221,0
chest_raw_ecg.csv,4.0,0.0,0
forehead_eeg_beta_abs.csv,102.46120122753179,92.90964110430781,0
ear_acc_left2.csv,9.597568713042154,0.503262747549083,0
forehead_acc.csv,20.450457545754574,46.396004537861124,0
forehead_eeg_gamma_abs.csv,102.53685596088755,92.96995590836899,0
chest_physiology_summary.csv,1000.0,0.0,0
zephyr_device_status.csv,1000.0,0.0,0
muse_jaw_clenches.csv,24242.2,52650.018636392706,0
ear_gyro_left2.csv,9.597568713042154,0.503262747549083,0
forehead_eeg_raw.csv,4.183763601723631,20.813202373373585,0
chest_sensor_summary.csv,1000.0,0.0,0
muse_blinks.csv,1783.8238512035011,2937.506988668726,0
ear_gyro_right2.csv,9.597485766494371,0.5038334407812409,0
wrist_eda.csv,250.0,0.0,0
forehead_eeg_delta_abs.csv,102.44836871438412,92.89753837034895,0
ear_gyro_left.csv,22.36168738451201,2784.972430817957,0
wrist_ibi.csv,1382.3283082077053,7286.856062660962,0
ear_gyro_right.csv,22.364109997689123,2784.8339058661036,0
forehead_gyro.csv,20.680813137634164,46.711324134580025,0
ear_acc_right.csv,22.364109997689123,2784.8339058661036,0
muse_device_touch.csv,102.44836871438412,92.96052481213007,0
chest_raw_breathing.csv,40.0,0.0,0
wrist_skin_temperature.csv,250.0,0.0,0
muse_device_battery.csv,10004.666666666666,3670.8790678030805,0
ear_acc_right2.csv,9.597485766494371,0.5038334407812409,0
muse_device_fit.csv,102.47262590829367,92.91746076983186,0
wrist_acc.csv,31.249974022375394,0.43300520169401685,0
chest_raw_acc.csv,10.0,0.0,0
ear_ppg_left2.csv,10.0,0.0,0
wrist_bvp.csv,15.624993506605946,0.4841287863534807,0
forehead_eeg_alpha_abs.csv,102.45478456913828,92.87470316256058,0
ear_ppg_right.csv,10.0,0.0,0
chest_bb_interval.csv,2584.405705229794,1122.2156034108718,0
chest_rr_interval.csv,556.1646258503401,139.43317948648723,0
ear_acc_left.csv,22.36168738451201,2784.972430817957,0
ear_ppg_left.csv,10.0,0.0,0
ear_ppg_right2.csv,10.0,0.0,0
wrist_hr.csv,1000.0,0.0,0
zephyr_activity_summary.csv,1000.0,0.0,0
forehead_eeg_theta_abs.csv,106.26124859392576,346.67322187011655,0
chest_raw_ecg.csv,4.0,0.0,0
forehead_eeg_beta_abs.csv,106.29113924050633,346.58364353057476,0
ear_acc_left2.csv,9.594535921258394,0.5245031250064021,0
forehead_acc.csv,20.757998058856924,155.90205095417258,0
forehead_eeg_gamma_abs.csv,106.2796737296081,346.6193977745233,0
chest_physiology_summary.csv,1000.0,0.0,0
zephyr_device_status.csv,1000.0,0.0,0
muse_jaw_clenches.csv,6581.480620155039,20989.840756192618,0
ear_gyro_left2.csv,9.594535921258394,0.5245031250064021,0
forehead_eeg_raw.csv,4.168348942648178,69.53991807208868,0
chest_sensor_summary.csv,1000.0,0.0,0
muse_blinks.csv,1301.796551724138,1961.4519336795877,0
ear_gyro_right2.csv,9.594513541360024,0.516092772200388,0
wrist_eda.csv,250.0,0.0,0
forehead_eeg_delta_abs.csv,106.26124859392576,346.5421947256143,0
ear_gyro_left.csv,9.59396869058695,0.5263994364072637,0
wrist_ibi.csv,1278.479405034325,5890.416154600195,0
ear_gyro_right.csv,9.594187363481918,0.5359545915061241,0
forehead_gyro.csv,20.8212927756654,156.18100747832088,0
ear_acc_right.csv,9.594187363481918,0.5359545915061241,0
muse_device_touch.csv,106.2808251289264,346.71563725060753,0
chest_raw_breathing.csv,40.0,0.0,0
wrist_skin_temperature.csv,250.0,0.0,0
muse_device_battery.csv,10547.775700934579,3961.966062612195,0
ear_acc_right2.csv,9.594513541360024,0.516092772200388,0
muse_device_fit.csv,106.27121027467892,346.74328206240693,0
wrist_acc.csv,31.250013783977504,0.43302662865337027,0
chest_raw_acc.csv,10.0,0.0,0
ear_ppg_left2.csv,10.0,0.0,0
wrist_bvp.csv,15.62498966230186,0.4841289238710644,0
forehead_eeg_alpha_abs.csv,106.26089809693447,346.6812377982761,0
ear_ppg_right.csv,10.0,0.0,0
chest_bb_interval.csv,3187.1954674220965,1011.9217253133841,0
chest_rr_interval.csv,690.6764168190128,242.40019467075774,0
ear_acc_left.csv,9.59396869058695,0.5263994364072637,0
ear_ppg_left.csv,10.0,0.0,0
ear_ppg_right2.csv,10.0,0.0,0
wrist_hr.csv,1000.0,0.0,0
zephyr_activity_summary.csv,1000.0,0.0,0
forehead_eeg_theta_abs.csv,109.48011274663327,714.0154309245808,0
chest_raw_ecg.csv,4.0,0.0,0
forehead_eeg_beta_abs.csv,109.47844242614052,714.0144388942813,0
forehead_acc.csv,21.17121573060928,314.3780210559203,0
forehead_eeg_gamma_abs.csv,109.48011274663327,714.026730266407,0
chest_physiology_summary.csv,1000.0,0.0,0
zephyr_device_status.csv,1000.0,0.0,0
muse_jaw_clenches.csv,1504.6011730205278,7800.06461789559,0
forehead_eeg_raw.csv,4.220399211235865,140.29619821648697,0
chest_sensor_summary.csv,1000.0,0.0,0
muse_blinks.csv,936.0769230769231,2200.230512336571,0
wrist_eda.csv,250.0,0.0,0
forehead_eeg_delta_abs.csv,109.47833803110971,714.025341549542,0
ear_gyro_left.csv,9.597185109264615,0.5036848355272506,0
wrist_ibi.csv,1079.5400624349636,2573.1267495961188,0
ear_gyro_right.csv,9.597282086479067,0.5045194720580995,0
forehead_gyro.csv,21.172498031535806,314.383345471439,0
ear_acc_right.csv,9.597282086479067,0.5045194720580995,0
muse_device_touch.csv,109.48021714166406,714.0242034142237,0
chest_raw_breathing.csv,40.0,0.0,0
wrist_skin_temperature.csv,250.0,0.0,0
muse_device_battery.csv,10840.229166666666,7218.622283597165,0
muse_device_fit.csv,109.53728848965949,714.214584127859,0
wrist_acc.csv,31.249977651300693,0.4330062495614592,0
chest_raw_acc.csv,10.0,0.0,0
wrist_bvp.csv,15.624994412908416,0.4841279673253136,0
forehead_eeg_alpha_abs.csv,109.48987262476508,714.0580211926256,0
ear_ppg_right.csv,10.0,0.0,0
chest_bb_interval.csv,3841.764705882353,935.4406837665708,0
chest_rr_interval.csv,834.7921974522293,465.3625179560071,0
ear_acc_left.csv,9.597185109264615,0.5036848355272506,0
ear_ppg_left.csv,10.0,0.0,0
wrist_hr.csv,1000.0,0.0,0
zephyr_activity_summary.csv,1000.0,0.0,0
forehead_eeg_theta_abs.csv,109.40876377300809,649.8156635506795,0
chest_raw_ecg.csv,4.0,0.0,0
forehead_eeg_beta_abs.csv,109.29738499713686,649.3432476133673,0
forehead_acc.csv,21.17448109254055,287.43606007244694,0
forehead_eeg_gamma_abs.csv,109.38671676006113,649.7547811153969,0
chest_physiology_summary.csv,1000.0,0.0,0
zephyr_device_status.csv,1000.0,0.0,0
muse_jaw_clenches.csv,4608.4625,22960.440582888314,0
forehead_eeg_raw.csv,4.22360744727144,128.1552618163381,0
chest_sensor_summary.csv,1000.0,0.0,0
muse_blinks.csv,1274.8997028231797,4722.696153229873,0
wrist_eda.csv,250.0,0.0,0
forehead_eeg_delta_abs.csv,109.36000763941941,649.6636068066953,0
ear_gyro_left.csv,9.598392070976825,0.4986095145218743,0
wrist_ibi.csv,971.5051020408164,2393.6999911712905,0
ear_gyro_right.csv,9.598336201309586,0.5011352993433672,0
forehead_gyro.csv,21.16121800399103,287.31837023610933,0
ear_acc_right.csv,9.598336201309586,0.5011352993433672,0
muse_device_touch.csv,109.16427300457549,649.026956576161,0
chest_raw_breathing.csv,40.0,0.0,0
wrist_skin_temperature.csv,250.0,0.0,0
muse_device_battery.csv,10814.354430379746,6616.838052263688,0
muse_device_fit.csv,109.39374641788193,649.7687390483067,0
wrist_acc.csv,31.25,0.43301664014354063,0
chest_raw_acc.csv,10.0,0.0,0
wrist_bvp.csv,15.625,0.4841251198103266,0
forehead_eeg_alpha_abs.csv,109.25567639763403,649.2956426660305,0
ear_ppg_right.csv,10.0,0.0,0
chest_bb_interval.csv,4014.4262295081967,1527.220875295876,0
chest_rr_interval.csv,758.842617152962,160.4672935818003,0
ear_acc_left.csv,9.598392070976825,0.4986095145218743,0
ear_ppg_left.csv,10.0,0.0,0
wrist_hr.csv,1000.0,0.0,0
zephyr_activity_summary.csv,1000.0,0.0,0
forehead_eeg_theta_abs.csv,101.59571139333701,30.123514657335065,0
chest_raw_ecg.csv,4.0,0.0,0
forehead_eeg_beta_abs.csv,101.58792675071317,29.982178791639775,0
ear_acc_left2.csv,9.595541216137658,0.5270305101957624,0
forehead_acc.csv,19.664558878537967,29.292823731040645,0
forehead_eeg_gamma_abs.csv,101.59589545370882,30.17217745541429,0
chest_physiology_summary.csv,1000.0,0.0,0
zephyr_device_status.csv,1000.0,0.0,0
muse_jaw_clenches.csv,46364.78571428572,37982.46620213995,0
ear_gyro_left2.csv,9.595541216137658,0.5270305101957624,0
forehead_eeg_raw.csv,3.920054965540015,12.942578566126715,0
chest_sensor_summary.csv,1000.0,0.0,0
muse_blinks.csv,981.6206589492431,717.7846006828661,0
ear_gyro_right2.csv,9.595674795802692,0.5173773085489004,0
wrist_eda.csv,250.0,0.0,0
forehead_eeg_delta_abs.csv,101.59580342352291,30.075222105382473,0
ear_gyro_left.csv,11.399756012547925,304.84763665030175,0
wrist_ibi.csv,4537.066945606694,24183.6457531007,0
ear_gyro_right.csv,11.395203736623793,304.0736299316798,0
forehead_gyro.csv,19.666975451597963,29.140561605753557,0
ear_acc_right.csv,11.395203736623793,304.0736299316798,0
muse_device_touch.csv,101.58783472899604,30.00009956384397,0
chest_raw_breathing.csv,40.0,0.0,0
wrist_skin_temperature.csv,250.0,0.0,0
muse_device_battery.csv,10005.8,22.484571672654845,0
ear_acc_right2.csv,9.595674795802692,0.5173773085489004,0
muse_device_fit.csv,101.59580342352291,30.15795931041463,0
wrist_acc.csv,31.25,0.4330188325680876,0
chest_raw_acc.csv,10.0,0.0,0
ear_ppg_left2.csv,10.0,0.0,0
wrist_bvp.csv,15.625001769460527,0.48412588797837897,0
forehead_eeg_alpha_abs.csv,101.58801877243029,30.04867295214272,0
ear_ppg_right.csv,10.0,0.0,0
chest_bb_interval.csv,2882.9473684210525,1104.4987150153815,0
chest_rr_interval.csv,806.7980980248719,116.28723297399763,0
ear_acc_left.csv,11.399756012547925,304.84763665030175,0
ear_ppg_left.csv,10.0,0.0,0
ear_ppg_right2.csv,10.0,0.0,0
wrist_hr.csv,1000.0,0.0,0
zephyr_activity_summary.csv,1000.0,0.0,0
forehead_eeg_theta_abs.csv,102.77891221374045,130.3034244224727,0
chest_raw_ecg.csv,4.0,0.0,0
forehead_eeg_beta_abs.csv,102.79872112998663,130.27593878199022,0
forehead_acc.csv,19.999331637673357,60.337381189616394,0
forehead_eeg_gamma_abs.csv,102.93616207951071,130.2656125949696,0
chest_physiology_summary.csv,1000.0,0.0,0
zephyr_device_status.csv,1000.0,0.0,0
muse_jaw_clenches.csv,38048.142857142855,58489.818370849345,0
forehead_eeg_raw.csv,4.001779359430605,26.743614713967638,0
chest_sensor_summary.csv,1000.0,0.0,0
muse_blinks.csv,848.8586097946287,724.7311965589275,0
wrist_eda.csv,250.0,0.0,0
forehead_eeg_delta_abs.csv,102.79862569192593,130.2866953807783,0
ear_gyro_left.csv,9.597343358842553,0.5044580385974904,0
wrist_ibi.csv,3444.6546184738954,20221.7537428553,0
ear_gyro_right.csv,9.597257857601026,0.5042624445764711,0
forehead_gyro.csv,19.997846547979282,60.11844176499168,0
ear_acc_right.csv,9.597257857601026,0.5042624445764711,0
muse_device_touch.csv,102.8099646845471,130.17027671192707,0
chest_raw_breathing.csv,40.0,0.0,0
wrist_skin_temperature.csv,250.0,0.0,0
muse_device_battery.csv,10132.161904761904,1288.9965918959654,0
muse_device_fit.csv,102.77900763358778,130.14485465516046,0
wrist_acc.csv,31.25,0.4330189826726076,0
chest_raw_acc.csv,10.0,0.0,0
wrist_bvp.csv,15.624990934803105,0.4841287698000435,0
forehead_eeg_alpha_abs.csv,102.78881572669148,130.29666241912446,0
ear_ppg_right.csv,10.0,0.0,0
chest_bb_interval.csv,2791.4583333333335,1786.295949777492,0
chest_rr_interval.csv,672.411875,184.97042945114598,0
ear_acc_left.csv,9.597343358842553,0.5044580385974904,0
ear_ppg_left.csv,10.0,0.0,0
wrist_hr.csv,1000.0,0.0,0
zephyr_activity_summary.csv,1000.0,0.0,0
forehead_eeg_theta_abs.csv,117.80543747786044,1099.1911008624752,0
chest_raw_ecg.csv,4.0,0.0,0
forehead_eeg_beta_abs.csv,117.7637216713881,1099.1102819941402,0
ear_acc_left2.csv,9.59574193917874,0.5145363938498844,0
forehead_acc.csv,25.155520260177358,505.3595605145139,0
forehead_eeg_gamma_abs.csv,117.78457588099876,1099.2366300951537,0
chest_physiology_summary.csv,1000.0,0.0,0
zephyr_device_status.csv,1000.0,0.0,0
muse_jaw_clenches.csv,4037.809968847352,17692.578508675622,0
ear_gyro_left2.csv,9.59574193917874,0.5145363938498844,0
forehead_eeg_raw.csv,5.396000811194484,234.0872199096187,0
chest_sensor_summary.csv,1000.0,0.0,0
muse_blinks.csv,1087.3649754500818,3460.733600587456,0
ear_gyro_right2.csv,9.595744680851064,0.5169795645383422,0
wrist_eda.csv,250.0,0.0,0
forehead_eeg_delta_abs.csv,117.77414785303232,1099.19718191789,0
ear_gyro_left.csv,9.60000601268677,0.48990040321944744,0
wrist_ibi.csv,4856.055118110236,20474.748724922825,0
ear_gyro_right.csv,9.599987969562994,0.4899040877195944,0
forehead_gyro.csv,26.166827291859253,515.393089478003,0
ear_acc_right.csv,9.599987969562994,0.4899040877195944,0
muse_device_touch.csv,117.78457588099876,1099.2075861062224,0
chest_raw_breathing.csv,40.0,0.0,0
wrist_skin_temperature.csv,250.0,0.0,0
muse_device_battery.csv,11656.610619469027,12408.259901914438,0
ear_acc_right2.csv,9.595744680851064,0.5169795645383422,0
muse_device_fit.csv,117.79500575577792,1099.1512284454375,0
wrist_acc.csv,31.24998825574294,0.43301100655222985,0
chest_raw_acc.csv,10.0,0.0,0
ear_ppg_left2.csv,10.0,0.0,0
wrist_bvp.csv,15.62499412787147,0.48412727728092625,0
forehead_eeg_alpha_abs.csv,117.78457588099876,1099.223349826479,0
ear_ppg_right.csv,10.0,0.0,0
chest_bb_interval.csv,3313.117206982544,1757.7908034598943,0
chest_rr_interval.csv,748.5135135135135,123.87749440515385,0
ear_acc_left.csv,9.60000601268677,0.48990040321944744,0
ear_ppg_left.csv,10.0,0.0,0
ear_ppg_right2.csv,10.0,0.0,0
wrist_hr.csv,1000.0,0.0,0
zephyr_activity_summary.csv,1000.0,0.0,0
forehead_eeg_theta_abs.csv,103.255553580949,175.95323732370323,0
chest_raw_ecg.csv,4.0,0.0,0
forehead_eeg_beta_abs.csv,103.255553580949,175.87540250133853,0
ear_acc_left2.csv,9.59984871406959,0.49011420886475093,0
forehead_acc.csv,20.321855763850028,79.74776607019413,0
forehead_eeg_gamma_abs.csv,103.26472940549186,176.05127441708785,0
chest_physiology_summary.csv,1000.0,0.0,0
zephyr_device_status.csv,1000.0,0.0,0
muse_jaw_clenches.csv,88208.66666666667,116808.20514950994,0
ear_gyro_left2.csv,9.59984871406959,0.49011420886475093,0
forehead_eeg_raw.csv,4.0370459148402515,34.76736247969449,0
chest_sensor_summary.csv,1000.0,0.0,0
muse_blinks.csv,1222.9347368421052,1422.7580074227849,0
ear_gyro_right2.csv,9.6,0.4900836214640298,0
wrist_eda.csv,250.0,0.0,0
forehead_eeg_delta_abs.csv,103.255553580949,175.92294989569913,0
ear_gyro_left.csv,9.597323087316331,0.5031030591795047,0
wrist_ibi.csv,982.9159592529711,6696.468799263307,0
ear_gyro_right.csv,9.597483533186962,0.5109831633730614,0
forehead_gyro.csv,20.467170382894782,79.8997673894748,0
ear_acc_right.csv,9.597483533186962,0.5109831633730614,0
muse_device_touch.csv,103.36577121508628,175.89067354723838,0
chest_raw_breathing.csv,40.0,0.0,0
wrist_skin_temperature.csv,250.0,0.0,0
muse_device_battery.csv,10277.044642857143,2881.0216731000037,0
ear_acc_right2.csv,9.6,0.4900836214640298,0
muse_device_fit.csv,103.33952867941308,176.2261858940406,0
wrist_acc.csv,31.250006661160107,0.4330223165468089,0
chest_raw_acc.csv,10.0,0.0,0
ear_ppg_left2.csv,10.0,0.0,0
wrist_bvp.csv,15.62500832633921,0.4841239931431765,0
forehead_eeg_alpha_abs.csv,103.255553580949,175.84104155294338,0
ear_ppg_right.csv,10.0,0.0,0
chest_bb_interval.csv,2665.148063781321,1039.3016242433755,0
chest_rr_interval.csv,615.2152230971128,178.07455501021232,0
ear_acc_left.csv,9.597323087316331,0.5031030591795047,0
ear_ppg_left.csv,10.0,0.0,0
ear_ppg_right2.csv,10.0,0.0,0
wrist_hr.csv,1000.0,0.0,0
zephyr_activity_summary.csv,1000.0,0.0,0
forehead_eeg_theta_abs.csv,101.78779718396554,36.63109029618935,0
chest_raw_ecg.csv,4.0,0.0,0
forehead_eeg_beta_abs.csv,101.78318073401554,36.36930014267086,0
forehead_acc.csv,20.104157801957328,32.33649851320798,0
forehead_eeg_gamma_abs.csv,102.97524713940997,38.448780790117254,0
chest_physiology_summary.csv,1000.0,0.0,0
zephyr_device_status.csv,1000.0,0.0,0
muse_jaw_clenches.csv,92822.30769230769,130282.8332215368,0
forehead_eeg_raw.csv,3.9939199816452278,10.863267624191199,0
chest_sensor_summary.csv,1000.0,0.0,0
muse_blinks.csv,2310.9001751313485,3249.7038556869493,0
wrist_eda.csv,250.0,0.0,0
forehead_eeg_delta_abs.csv,101.79101261926746,36.41613660210274,0
ear_gyro_left.csv,9.597774279433848,0.5021463858238208,0
wrist_ibi.csv,1296.4881188118811,3768.238730519305,0
ear_gyro_right.csv,13.547601773478435,439.6788114096562,0
forehead_gyro.csv,20.099194773625037,32.20530995588279,0
ear_acc_right.csv,13.547601773478435,439.6788114096562,0
muse_device_touch.csv,101.81451550835065,36.37165015805244,0
chest_raw_breathing.csv,40.0,0.0,0
wrist_skin_temperature.csv,250.0,0.0,0
muse_device_battery.csv,10006.79389312977,28.874187982522187,0
muse_device_fit.csv,101.80238553289726,37.59553274458856,0
wrist_acc.csv,31.25,0.4330178159839267,0
chest_raw_acc.csv,10.0,0.0,0
wrist_bvp.csv,15.625,0.48412577711477905,0
forehead_eeg_alpha_abs.csv,101.79884570988843,36.43485564350566,0
ear_ppg_right.csv,10.0,0.0,0
chest_bb_interval.csv,2941.915367483296,990.7270427208961,0
chest_rr_interval.csv,697.5205696202531,252.81803315430878,0
ear_acc_left.csv,9.597774279433848,0.5021463858238208,0
ear_ppg_left.csv,10.0,0.0,0
wrist_bvp2.csv,15.625,0.4841270564146502,0
wrist_hr.csv,1000.0,0.0,0
zephyr_activity_summary.csv,1000.0,0.0,0
forehead_eeg_theta_abs.csv,114.13401247036094,1341.1143465243003,0
wrist_acc2.csv,31.25,0.433020104514721,0
chest_raw_ecg.csv,4.0,0.0,0
forehead_eeg_beta_abs.csv,114.13278299815579,1341.0783088607106,0
wrist_hr2.csv,1000.0,0.0,0
forehead_acc.csv,22.364914152014588,594.4829688224586,0
forehead_eeg_gamma_abs.csv,114.14403653609696,1341.1818555906934,0
chest_physiology_summary.csv,1000.0,0.0,0
wrist_eda2.csv,250.0,0.0,0
wrist_skin_temperature2.csv,250.0,0.0,0
zephyr_device_status.csv,1000.0,0.0,0
muse_jaw_clenches.csv,40735.933333333334,88092.49081854871,0
forehead_eeg_raw.csv,4.450355362620508,265.1436992922118,0
chest_sensor_summary.csv,1000.0,0.0,0
muse_blinks.csv,1411.5180327868852,4978.33557670438,0
wrist_eda.csv,250.0,0.0,0
forehead_eeg_delta_abs.csv,114.13269517871257,1341.090840018562,0
ear_gyro_left.csv,9.600064137116968,0.49051288352044276,0
wrist_ibi.csv,1372.3815028901734,2428.8152088468228,0
ear_gyro_right.csv,9.60000272923902,0.4898990627625612,0
forehead_gyro.csv,22.418731784710367,595.2064303661349,0
ear_acc_right.csv,9.60000272923902,0.4898990627625612,0
muse_device_touch.csv,114.13287081759901,1341.0580992531807,0
chest_raw_breathing.csv,40.0,0.0,0
wrist_skin_temperature.csv,250.0,0.0,0
muse_device_battery.csv,11223.626086956521,13045.36722867135,0
muse_device_fit.csv,114.13383683147448,1341.1428890707177,0
wrist_acc.csv,31.249975833736105,0.43301967803547087,0
wrist_ibi2.csv,2975.4414715719063,8195.542247913487,0
chest_raw_acc.csv,10.0,0.0,0
wrist_bvp.csv,15.62498187267366,0.4841393000456838,0
forehead_eeg_alpha_abs.csv,114.13278299815579,1341.064094583907,0
ear_ppg_right.csv,10.0,0.0,0
chest_bb_interval.csv,3355.704057279236,1265.604104579693,0
chest_rr_interval.csv,828.2663523865646,151.70470324375023,0
ear_acc_left.csv,9.600064137116968,0.49051288352044276,0
ear_ppg_left.csv,10.0,0.0,0
wrist_hr.csv,1000.0,0.0,0
zephyr_activity_summary.csv,1000.0,0.0,0
forehead_eeg_theta_abs.csv,106.22133436025801,93.52398110958677,0
chest_raw_ecg.csv,4.0,0.0,0
forehead_eeg_beta_abs.csv,105.71246526779726,75.13586270189694,0
forehead_acc.csv,20.42523926766508,31.42424934331722,0
forehead_eeg_gamma_abs.csv,106.3119098092118,116.51034972375462,0
chest_physiology_summary.csv,1000.0,0.0,0
zephyr_device_status.csv,1000.0,0.0,0
muse_jaw_clenches.csv,65449.75,76955.04933888355,0
forehead_eeg_raw.csv,4.076965142143496,11.844934989298835,0
chest_sensor_summary.csv,1000.0,0.0,0
muse_blinks.csv,1285.2345390898483,1694.0489805291427,0
wrist_eda.csv,250.0,0.0,0
forehead_eeg_delta_abs.csv,105.96628889742605,88.12240395985583,0
ear_gyro_left.csv,9.597406325018266,0.5151938755646165,0
wrist_ibi.csv,3238.8107255520504,9575.842622579814,0
ear_gyro_right.csv,9.587213891081294,0.5562846934551369,0
forehead_gyro.csv,20.223277126099706,29.869793268470165,0
ear_acc_right.csv,9.587213891081294,0.5562846934551369,0
muse_device_touch.csv,104.9282929148835,49.377922022561776,0
chest_raw_breathing.csv,40.0,0.0,0
wrist_skin_temperature.csv,250.0,0.0,0
muse_device_battery.csv,10289.66037735849,2780.5136006784696,0
muse_device_fit.csv,106.47761049990349,125.6172165688707,0
wrist_acc.csv,31.249992919652215,0.43301474580784066,0
chest_raw_acc.csv,10.0,0.0,0
wrist_bvp.csv,15.624992919852733,0.4841281740178308,0
forehead_eeg_alpha_abs.csv,105.2586338485022,56.51095309947984,0
ear_ppg_right.csv,10.0,0.0,0
chest_bb_interval.csv,3147.885714285714,830.9759433461206,0
chest_rr_interval.csv,796.3321299638989,89.14569332774772,0
ear_acc_left.csv,9.597406325018266,0.5151938755646165,0
ear_ppg_left.csv,10.0,0.0,0
wrist_hr.csv,1000.0,0.0,0
zephyr_activity_summary.csv,1000.0,0.0,0
forehead_eeg_theta_abs.csv,103.05797380585516,110.06843812355616,0
chest_raw_ecg.csv,4.0,0.0,0
forehead_eeg_beta_abs.csv,103.07792332883838,109.98824098422855,0
forehead_acc.csv,20.401872009455364,52.9226124078946,0
forehead_eeg_gamma_abs.csv,103.10261104152616,110.18377565214809,0
chest_physiology_summary.csv,1000.0,0.0,0
zephyr_device_status.csv,1000.0,0.0,0
muse_jaw_clenches.csv,13083.380952380952,32619.607916586356,0
forehead_eeg_raw.csv,4.151272662389549,23.471608134507868,0
chest_sensor_summary.csv,1000.0,0.0,0
muse_blinks.csv,1316.3950617283951,1975.9731640619534,0
wrist_eda.csv,250.0,0.0,0
forehead_eeg_delta_abs.csv,103.07782700828356,109.99882087964244,0
ear_gyro_left.csv,9.597243395448105,0.5065371498095462,0
wrist_ibi.csv,3739.1398305084745,16846.192986987662,0
ear_gyro_right.csv,9.597329459345547,0.5104887092059577,0
forehead_gyro.csv,20.58128040923864,53.07116726185661,0
ear_acc_right.csv,9.597329459345547,0.5104887092059577,0
muse_device_touch.csv,103.06799576230377,109.9101733000897,0
chest_raw_breathing.csv,40.0,0.0,0
wrist_skin_temperature.csv,250.0,0.0,0
muse_device_battery.csv,10101.333333333334,2601.9062045807696,0
muse_device_fit.csv,103.11244941221815,110.3101656092861,0
wrist_acc.csv,31.25000729990948,0.4330232385219314,0
chest_raw_acc.csv,10.0,0.0,0
wrist_bvp.csv,15.62500364995474,0.48412550993198605,0
forehead_eeg_alpha_abs.csv,103.05797380585516,109.9100063080634,0
ear_ppg_right.csv,10.0,0.0,0
chest_bb_interval.csv,5853.70786516854,5854.138211270805,0
chest_rr_interval.csv,692.479274611399,199.36969593127108,0
ear_acc_left.csv,9.597243395448105,0.5065371498095462,0
ear_ppg_left.csv,10.0,0.0,0
wrist_hr.csv,1000.0,0.0,0
zephyr_activity_summary.csv,1000.0,0.0,0
forehead_eeg_theta_abs.csv,104.70060300098163,239.66410469230323,0
chest_raw_ecg.csv,4.0,0.0,0
forehead_eeg_beta_abs.csv,104.70053288458841,239.6955970442643,0
forehead_acc.csv,24.70107356127901,120.62856281609929,0
forehead_eeg_gamma_abs.csv,104.69221061487765,239.64332907908528,0
chest_physiology_summary.csv,1000.0,0.0,0
zephyr_device_status.csv,1000.0,0.0,0
muse_jaw_clenches.csv,5907.014150943396,27965.811419744783,0
forehead_eeg_raw.csv,5.57982624941616,59.75905286963904,0
chest_sensor_summary.csv,1000.0,0.0,0
muse_blinks.csv,1331.0347903657448,1771.055891582751,0
wrist_eda.csv,250.0,0.0,0
forehead_eeg_delta_abs.csv,104.70794474440783,239.67714530688684,0
ear_gyro_left.csv,9.59810205292058,0.5001861590376522,0
wrist_ibi.csv,3020.0803212851406,10081.218011387957,0
ear_gyro_right.csv,9.5980408413158,0.5006823625924864,0
forehead_gyro.csv,26.376521293695795,126.6660839718788,0
ear_acc_right.csv,9.5980408413158,0.5006823625924864,0
muse_device_touch.csv,104.67865404837013,239.62855980340618,0
chest_raw_breathing.csv,40.0,0.0,0
wrist_skin_temperature.csv,250.0,0.0,0
muse_device_battery.csv,10000.763513513513,10719.797244225245,0
muse_device_fit.csv,104.73619976152065,239.59443625968348,0
wrist_acc.csv,31.25,0.4330171975259959,0
chest_raw_acc.csv,10.0,0.0,0
wrist_bvp.csv,15.625,0.48412543139203984,0
forehead_eeg_alpha_abs.csv,104.72997615373825,239.7780163354867,0
ear_ppg_right.csv,10.0,0.0,0
chest_bb_interval.csv,2864.263736263736,961.8421756289378,0
chest_rr_interval.csv,737.4191176470588,105.4405751450133,0
ear_acc_left.csv,9.59810205292058,0.5001861590376522,0
ear_ppg_left.csv,10.0,0.0,0
wrist_hr.csv,1000.0,0.0,0
zephyr_activity_summary.csv,1000.0,0.0,0
forehead_eeg_theta_abs.csv,106.88603401310462,533.496428090366,0
chest_raw_ecg.csv,4.0,0.0,0
forehead_eeg_beta_abs.csv,106.88485607008761,533.5024337806556,0
forehead_acc.csv,22.47192385079709,245.91113087470143,0
forehead_eeg_gamma_abs.csv,106.90177453795744,533.5387194637008,0
chest_physiology_summary.csv,1000.0,0.0,0
zephyr_device_status.csv,1000.0,0.0,0
muse_jaw_clenches.csv,12606.241758241758,74784.8703286583,0
forehead_eeg_raw.csv,4.724902526182866,112.86890010269288,0
chest_sensor_summary.csv,1000.0,0.0,0
muse_blinks.csv,1277.111111111111,2211.8040261987294,0
wrist_eda.csv,250.0,0.0,0
forehead_eeg_delta_abs.csv,106.90059642147118,533.5374218790072,0
ear_gyro_left.csv,9.59777677969908,0.5033356289533085,0
wrist_ibi.csv,3317.384259259259,15937.842515728966,0
ear_gyro_right.csv,9.597772305020548,0.5021154219735442,0
forehead_gyro.csv,23.07518199446864,249.5034914574098,0
ear_acc_right.csv,9.597772305020548,0.5021154219735442,0
muse_device_touch.csv,106.90964653902799,533.4214704527927,0
chest_raw_breathing.csv,40.0,0.0,0
wrist_skin_temperature.csv,250.0,0.0,0
muse_device_battery.csv,10285.478260869566,7497.596159020404,0
muse_device_fit.csv,106.90177453795744,533.5418501064161,0
wrist_acc.csv,31.25,0.43301736162546983,0
chest_raw_acc.csv,10.0,0.0,0
wrist_bvp.csv,15.625,0.4841255231249799,0
forehead_eeg_alpha_abs.csv,106.87698763250883,533.4795184742892,0
ear_ppg_right.csv,10.0,0.0,0
chest_bb_interval.csv,3466.6346153846152,1397.888328667706,0
chest_rr_interval.csv,746.5074626865671,115.26069417599182,0
ear_acc_left.csv,9.59777677969908,0.5033356289533085,0
ear_ppg_left.csv,10.0,0.0,0
wrist_hr.csv,1000.0,0.0,0
zephyr_activity_summary.csv,1000.0,0.0,0
forehead_eeg_theta_abs.csv,105.47879616963064,396.2649034824216,0
chest_raw_ecg.csv,4.0,0.0,0
forehead_eeg_beta_abs.csv,105.48304505032738,396.3000031108092,0
forehead_acc.csv,20.429217608539307,176.36155448041305,0
forehead_eeg_gamma_abs.csv,105.4891038796052,396.27420803156235,0
chest_physiology_summary.csv,1000.0,0.0,0
zephyr_device_status.csv,1000.0,0.0,0
muse_jaw_clenches.csv,4144.414285714286,13880.217567024256,0
forehead_eeg_raw.csv,4.075994200184265,78.65390677867029,0
chest_sensor_summary.csv,1000.0,0.0,0
muse_blinks.csv,1046.0581959262852,1390.4751931010358,0
wrist_eda.csv,250.0,0.0,0
forehead_eeg_delta_abs.csv,105.49335418295543,396.32053212293687,0
ear_gyro_left.csv,9.59726889635675,0.5095463264660473,0
wrist_ibi.csv,14735.129032258064,39982.555703371945,0
ear_gyro_right.csv,9.597439544807965,0.5138405049760771,0
forehead_gyro.csv,20.43146718146718,176.26436022940706,0
ear_acc_right.csv,9.597439544807965,0.5138405049760771,0
muse_device_touch.csv,105.47879616963064,396.2631868235942,0
chest_raw_breathing.csv,40.0,0.0,0
wrist_skin_temperature.csv,250.0,0.0,0
muse_device_battery.csv,10409.970873786408,4095.386932463687,0
muse_device_fit.csv,105.4684904738642,396.404077859849,0
wrist_acc.csv,31.25,0.43301896958130354,0
chest_raw_acc.csv,10.0,0.0,0
wrist_bvp.csv,15.624990953697404,0.48412875760376217,0
forehead_eeg_alpha_abs.csv,105.47879616963064,396.4073782460256,0
ear_ppg_right.csv,10.0,0.0,0
chest_bb_interval.csv,3709.4809688581313,1541.1395744722845,0
chest_rr_interval.csv,753.8413696715584,92.0686464437423,0
ear_acc_left.csv,9.59726889635675,0.5095463264660473,0
ear_ppg_left.csv,10.0,0.0,0
muse_device_fit2.csv,154.1050762882641,5364.127815543871,0
wrist_hr.csv,1000.0,0.0,0
zephyr_activity_summary.csv,1000.0,0.0,0
forehead_gyro2.csv,29.88265942204276,2362.6326557663465,0
chest_raw_ecg.csv,4.0,0.0,0
muse_device_touch2.csv,154.118330134357,5364.404069255525,0
ear_acc_left2.csv,9.59671845153312,0.5072465263883896,0
chest_physiology_summary.csv,1000.0,0.0,0
muse_blinks2.csv,2076.470207253886,19837.787221546656,0
forehead_eeg_gamma_abs2.csv,154.1038288072162,5364.128499726528,0
zephyr_device_status.csv,1000.0,0.0,0
muse_jaw_clenches.csv,6955.726368159204,43910.172487018885,0
ear_gyro_left2.csv,9.59671845153312,0.5072465263883896,0
chest_sensor_summary.csv,1000.0,0.0,0
ear_gyro_right2.csv,9.59670954563021,0.5103086801509489,0
forehead_eeg_alpha_abs2.csv,154.19241478636582,5365.671978182511,0
wrist_eda.csv,250.0,0.0,0
ear_gyro_left.csv,9.781827497261581,43.2221851633053,0
wrist_ibi.csv,2591.0574324324325,8278.238190776292,0
ear_gyro_right.csv,9.777383223800438,42.2085042283707,0
forehead_eeg_delta_abs2.csv,154.103636887055,5364.117893613843,0
ear_acc_right.csv,9.777383223800438,42.2085042283707,0
forehead_eeg_theta_abs2.csv,154.103636887055,5364.128487367496,0
chest_raw_breathing.csv,40.0,0.0,0
wrist_skin_temperature.csv,250.0,0.0,0
muse_device_battery.csv,15182.52380952381,53039.55157494323,0
ear_acc_right2.csv,9.59670954563021,0.5103086801509489,0
wrist_acc.csv,31.25,0.4330169147952126,0
chest_raw_acc.csv,10.0,0.0,0
forehead_eeg_raw2.csv,5.968448045191021,1055.8672628326965,0
forehead_acc2.csv,29.886238019912533,2362.7655535779554,0
ear_ppg_left2.csv,10.0,0.0,0
wrist_bvp.csv,15.625,0.4841252733431111,0
ear_ppg_right.csv,10.0,0.0,0
chest_bb_interval.csv,3081.3872832369943,1380.1856242709343,0
chest_rr_interval.csv,788.2901325478645,140.92253499766827,0
forehead_eeg_beta_abs2.csv,154.1039247672968,5364.118046084167,0
ear_acc_left.csv,9.781827497261581,43.2221851633053,0
ear_ppg_left.csv,10.0,0.0,0
ear_ppg_right2.csv,10.0,0.0,0
wrist_hr.csv,1000.0,0.0,0
zephyr_activity_summary.csv,1000.0,0.0,0
forehead_eeg_theta_abs.csv,101.55603053435115,28.00840999876071,0
chest_raw_ecg.csv,4.0,0.0,0
forehead_eeg_beta_abs.csv,101.55603053435115,27.986402812527718,0
forehead_acc.csv,19.742615783330365,29.03363963184708,0
forehead_eeg_gamma_abs.csv,101.55603053435115,27.969099044172275,0
chest_physiology_summary.csv,1000.0,0.0,0
zephyr_device_status.csv,1000.0,0.0,0
muse_jaw_clenches.csv,104078.0,110295.52786944718,0
forehead_eeg_raw.csv,3.938527113426474,12.716889409561881,0
chest_sensor_summary.csv,1000.0,0.0,0
muse_blinks.csv,1323.1013333333333,1607.543142086638,0
wrist_eda.csv,250.0,0.0,0
forehead_eeg_delta_abs.csv,101.82549239718338,37.172981263650456,0
ear_gyro_left.csv,9.597134202048373,0.5187767793066103,0
wrist_ibi.csv,1380.49604743083,11657.31210518985,0
ear_gyro_right.csv,9.597143818820022,0.5053277441067038,0
forehead_gyro.csv,19.734417022623003,28.951009639312524,0
ear_acc_right.csv,9.597143818820022,0.5053277441067038,0
muse_device_touch.csv,101.55603053435115,27.916233699204096,0
chest_raw_breathing.csv,40.0,0.0,0
wrist_skin_temperature.csv,250.0,0.0,0
muse_device_battery.csv,10005.979797979799,27.33577300302767,0
muse_device_fit.csv,101.55603053435115,27.862953870886,0
wrist_acc.csv,31.24998947324098,0.43301574069520377,0
chest_raw_acc.csv,10.0,0.0,0
wrist_bvp.csv,15.62500263163435,0.48412733499455857,0
forehead_eeg_alpha_abs.csv,101.55603053435115,28.015074549145538,0
ear_ppg_right.csv,10.0,0.0,0
chest_bb_interval.csv,2426.374695863747,774.7385055252553,0
chest_rr_interval.csv,573.5347901092582,161.83847138434706,0
ear_acc_left.csv,9.597134202048373,0.5187767793066103,0
ear_ppg_left.csv,10.0,0.0,0
wrist_hr.csv,1000.0,0.0,0
zephyr_activity_summary.csv,1000.0,0.0,0
forehead_eeg_theta_abs.csv,106.75077800829875,301.8460323994097,0
chest_raw_ecg.csv,4.0,0.0,0
forehead_eeg_beta_abs.csv,106.7323249783924,301.7794298368683,0
forehead_acc.csv,20.669841163573068,135.52180512388043,0
forehead_eeg_gamma_abs.csv,106.77795071335927,302.0266878628041,0
chest_physiology_summary.csv,1000.0,0.0,0
zephyr_device_status.csv,1000.0,0.0,0
muse_jaw_clenches.csv,62857.333333333336,108994.81834583892,0
forehead_eeg_raw.csv,4.126609391864572,45.760204441591505,0
chest_sensor_summary.csv,1000.0,0.0,0
muse_blinks.csv,1685.97131147541,3158.592059026532,0
wrist_eda.csv,250.0,0.0,0
forehead_eeg_delta_abs.csv,106.75077800829875,301.82661435780113,0
ear_gyro_left.csv,9.597612626965192,0.5015223382033839,0
wrist_ibi.csv,1576.449553001277,5392.801160835015,0
ear_gyro_right.csv,9.597687214398956,0.512407330464655,0
forehead_gyro.csv,20.666728027311066,135.13135475237127,0
ear_acc_right.csv,9.597687214398956,0.512407330464655,0
muse_device_touch.csv,106.7323249783924,303.3456988626201,0
chest_raw_breathing.csv,40.0,0.0,0
wrist_skin_temperature.csv,250.0,0.0,0
muse_device_battery.csv,10434.0,3322.4345015728118,0
muse_device_fit.csv,106.75983401054725,304.9501296980809,0
wrist_acc.csv,31.25,0.43301818039575757,0
chest_raw_acc.csv,10.0,0.0,0
wrist_bvp.csv,15.625,0.484125980823448,0
forehead_eeg_alpha_abs.csv,106.7413778200363,303.2571164015862,0
ear_ppg_right.csv,10.0,0.0,0
chest_bb_interval.csv,2986.5375302663438,2063.9186199032188,0
chest_rr_interval.csv,706.5850028620492,108.44412026729218,0
ear_acc_left.csv,9.597612626965192,0.5015223382033839,0
ear_ppg_left.csv,10.0,0.0,0
wrist_hr.csv,1000.0,0.0,0
zephyr_activity_summary.csv,1000.0,0.0,0
forehead_eeg_theta_abs.csv,119.7576114922813,1243.549247556747,0
chest_raw_ecg.csv,4.0,0.0,0
forehead_eeg_beta_abs.csv,119.7191083485157,1243.2181322736874,0
forehead_acc.csv,23.28258785276585,549.1735096599035,0
forehead_eeg_gamma_abs.csv,119.64378279961444,1242.9415399464453,0
chest_physiology_summary.csv,1000.0,0.0,0
zephyr_device_status.csv,1000.0,0.0,0
muse_jaw_clenches.csv,69038.875,77576.98633972302,0
forehead_eeg_raw.csv,4.663039304080678,245.74582936603696,0
chest_sensor_summary.csv,1000.0,0.0,0
muse_blinks.csv,1398.485534591195,4450.829874587825,0
wrist_eda.csv,250.0,0.0,0
forehead_eeg_delta_abs.csv,119.64388990039627,1242.949747349401,0
ear_gyro_left.csv,9.597444995231918,0.5103482492384379,0
wrist_ibi.csv,2440.5055928411634,11519.12591525182,0
ear_gyro_right.csv,9.597439862542956,0.5035534438709309,0
forehead_gyro.csv,23.281787299668633,549.1342884744472,0
ear_acc_right.csv,9.597439862542956,0.5035534438709309,0
muse_device_touch.csv,119.65659811482433,1243.1110689014974,0
chest_raw_breathing.csv,40.0,0.0,0
wrist_skin_temperature.csv,250.0,0.0,0
muse_device_battery.csv,11828.946236559139,12515.206311910595,0
muse_device_fit.csv,119.6421762878869,1243.0741190177446,0
wrist_acc.csv,31.25,0.43301875847981575,0
chest_raw_acc.csv,10.0,0.0,0
wrist_bvp.csv,15.625,0.48412630397580425,0
forehead_eeg_alpha_abs.csv,119.68062995500321,1243.1471610067958,0
ear_ppg_right.csv,10.0,0.0,0
chest_bb_interval.csv,2766.9651741293533,1665.3940675649092,0
chest_rr_interval.csv,754.1033783783784,181.90347540153346,0
ear_acc_left.csv,9.597444995231918,0.5103482492384379,0
ear_ppg_left.csv,10.0,0.0,0
wrist_hr.csv,1000.0,0.0,0
zephyr_activity_summary.csv,1000.0,0.0,0
forehead_eeg_theta_abs.csv,125.98663751214772,2086.718327370223,0
chest_raw_ecg.csv,4.0,0.0,0
forehead_eeg_beta_abs.csv,125.74236178467507,2084.7066429735833,0
ear_acc_left2.csv,9.596185153375806,0.5081192426426284,0
forehead_acc.csv,24.354130465411167,917.9813816891034,0
forehead_eeg_gamma_abs.csv,125.66618199442627,2084.0736595280746,0
chest_physiology_summary.csv,1000.0,0.0,0
zephyr_device_status.csv,1000.0,0.0,0
ear_gyro_left2.csv,9.596185153375806,0.5081192426426284,0
forehead_eeg_raw.csv,4.877355429420589,410.7582012854817,0
chest_sensor_summary.csv,1000.0,0.0,0
muse_blinks.csv,1756.1406779661017,7960.786885896082,0
ear_gyro_right2.csv,9.596059429040238,0.515009419765198,0
wrist_eda.csv,250.0,0.0,0
forehead_eeg_delta_abs.csv,125.66606082636616,2084.1813574842945,0
ear_gyro_left.csv,9.594136745607333,0.5201859310580774,0
wrist_ibi.csv,1006.559804719284,2627.7065954622494,0
ear_gyro_right.csv,9.594126189475293,0.5182514191786391,0
forehead_gyro.csv,24.349579753016858,917.8945088188143,0
ear_acc_right.csv,9.594126189475293,0.5182514191786391,0
muse_device_touch.csv,125.52904865649964,2082.8305468999283,0
chest_raw_breathing.csv,40.0,0.0,0
wrist_skin_temperature.csv,250.0,0.0,0
muse_device_battery.csv,12485.390243902439,21348.74180567407,0
ear_acc_right2.csv,9.596059429040238,0.515009419765198,0
muse_device_fit.csv,125.69652163374137,2084.1966857132784,0
wrist_acc.csv,31.24998124390427,0.433007286898218,0
chest_raw_acc.csv,10.0,0.0,0
ear_ppg_left2.csv,10.0,0.0,0
wrist_bvp.csv,15.624995311034699,0.4841271556877808,0
forehead_eeg_alpha_abs.csv,125.75736631502365,2084.716374254039,0
ear_ppg_right.csv,10.0,0.0,0
chest_bb_interval.csv,2397.1535580524346,843.9117279184314,0
chest_rr_interval.csv,600.5684803001876,157.57653872628828,0
ear_acc_left.csv,9.594136745607333,0.5201859310580774,0
ear_ppg_left.csv,10.0,0.0,0
ear_ppg_right2.csv,10.0,0.0,0
wrist_hr.csv,1000.0,0.0,0
zephyr_activity_summary.csv,1000.0,0.0,0
forehead_eeg_theta_abs.csv,101.59223646723646,28.772282160616648,0
chest_raw_ecg.csv,4.0,0.0,0
forehead_eeg_beta_abs.csv,101.61166518254674,28.4677754207908,0
forehead_acc.csv,20.012521922132585,31.03823363586272,0
forehead_eeg_gamma_abs.csv,101.59223646723646,29.12897891770041,0
chest_physiology_summary.csv,1000.0,0.0,0
zephyr_device_status.csv,1000.0,0.0,0
muse_jaw_clenches.csv,54754.666666666664,50169.91593906983,0
forehead_eeg_raw.csv,3.9832689293580894,11.85713551992687,0
chest_sensor_summary.csv,1000.0,0.0,0
muse_blinks.csv,1316.526558891455,1783.7607877315538,0
wrist_eda.csv,250.0,0.0,0
forehead_eeg_delta_abs.csv,101.65692650334076,28.685724618016465,0
ear_gyro_left.csv,9.59999831744723,0.48990035271553,0
wrist_ibi.csv,984.5233968804159,3710.2605500704103,0
ear_gyro_right.csv,9.59999831744723,0.48990035271553,0
forehead_gyro.csv,20.148679191976267,30.927695208332242,0
ear_acc_right.csv,9.59999831744723,0.48990035271553,0
muse_device_touch.csv,101.6026177544297,28.283980789169224,0
chest_raw_breathing.csv,40.0,0.0,0
wrist_skin_temperature.csv,250.0,0.0,0
muse_device_battery.csv,10006.132743362832,27.1765078517073,0
muse_device_fit.csv,101.6284289276808,29.7141840553841,0
wrist_acc.csv,31.25000684650144,0.43302258406976957,0
chest_raw_acc.csv,10.0,0.0,0
wrist_bvp.csv,15.624994865194232,0.4841275585938225,0
forehead_eeg_alpha_abs.csv,101.6026177544297,28.35358648742205,0
ear_ppg_right.csv,10.0,0.0,0
chest_bb_interval.csv,2418.3439490445858,725.6444066149796,0
chest_rr_interval.csv,556.59912109375,140.97518183951354,0
ear_acc_left.csv,9.59999831744723,0.48990035271553,0
ear_ppg_left.csv,10.0,0.0,0
wrist_hr.csv,1000.0,0.0,0
zephyr_activity_summary.csv,1000.0,0.0,0
forehead_eeg_theta_abs.csv,102.38652598466479,42.776158421548864,0
chest_raw_ecg.csv,4.0,0.0,0
forehead_eeg_beta_abs.csv,102.38652598466479,39.22959453373919,0
forehead_acc.csv,19.85248484694461,31.80986476548262,0
forehead_eeg_gamma_abs.csv,102.36626916524702,38.1865174422564,0
chest_physiology_summary.csv,1000.0,0.0,0
zephyr_device_status.csv,1000.0,0.0,0
muse_jaw_clenches.csv,18466.484848484848,41764.798339272216,0
forehead_eeg_raw.csv,3.9723317645682843,13.415011741247488,0
chest_sensor_summary.csv,1000.0,0.0,0
muse_blinks.csv,1539.1429980276134,1355.6281927230327,0
wrist_eda.csv,250.0,0.0,0
forehead_eeg_delta_abs.csv,102.39323633503736,42.77674995099,0
ear_gyro_left.csv,9.598115224416075,0.5000568337367355,0
wrist_ibi.csv,1085.4618614415676,3036.4047304492856,0
ear_gyro_right.csv,9.598168045854145,0.5018370299954937,0
forehead_gyro.csv,19.835910718366726,31.288480693988575,0
ear_acc_right.csv,9.598168045854145,0.5018370299954937,0
muse_device_touch.csv,102.4200209781041,40.18628679949615,0
chest_raw_breathing.csv,40.0,0.0,0
wrist_skin_temperature.csv,250.0,0.0,0
muse_device_battery.csv,10071.824675324675,807.6801454947158,0
muse_device_fit.csv,102.43273013375295,42.09925168458039,0
wrist_acc.csv,31.25000500050005,0.43301991954764535,0
chest_raw_acc.csv,10.0,0.0,0
wrist_bvp.csv,15.625002500250025,0.48412469357858934,0
forehead_eeg_alpha_abs.csv,102.41337266470009,42.75148967781144,0
ear_ppg_right.csv,10.0,0.0,0
chest_bb_interval.csv,2348.7974683544303,998.6430461177546,0
chest_rr_interval.csv,533.2718579234972,180.2911887580668,0
ear_acc_left.csv,9.598115224416075,0.5000568337367355,0
ear_ppg_left.csv,10.0,0.0,0
wrist_hr.csv,1000.0,0.0,0
zephyr_activity_summary.csv,1000.0,0.0,0
forehead_eeg_theta_abs.csv,109.79725152424271,624.4420935584823,0
chest_raw_ecg.csv,4.0,0.0,0
forehead_eeg_beta_abs.csv,109.79570308719636,624.4261855039175,0
forehead_acc.csv,21.35151207211276,277.13277601389206,0
forehead_eeg_gamma_abs.csv,109.79725152424271,624.4401940667503,0
chest_physiology_summary.csv,1000.0,0.0,0
zephyr_device_status.csv,1000.0,0.0,0
muse_jaw_clenches.csv,266278.6666666667,273808.06814506644,0
forehead_eeg_raw.csv,4.266993869645342,123.72290199862294,0
chest_sensor_summary.csv,1000.0,0.0,0
muse_blinks.csv,1191.807570977918,10514.668451753507,0
wrist_eda.csv,250.0,0.0,0
forehead_eeg_delta_abs.csv,109.79725152424271,624.4406100799582,0
ear_gyro_left.csv,9.597484436324265,0.5135591756726843,0
wrist_ibi.csv,1657.4933726067748,9106.2537717082,0
ear_gyro_right.csv,9.597403256502432,0.5023510398045085,0
forehead_gyro.csv,21.34829811654468,277.1043028079357,0
ear_acc_right.csv,9.597403256502432,0.5023510398045085,0
muse_device_touch.csv,109.79725152424271,624.501516754882,0
chest_raw_breathing.csv,40.0,0.0,0
wrist_skin_temperature.csv,250.0,0.0,0
muse_device_battery.csv,10812.221153846154,6341.255997846781,0
muse_device_fit.csv,109.80787843592722,624.4076719761207,0
wrist_acc.csv,31.249993114654767,0.43301468951576283,0
chest_raw_acc.csv,10.0,0.0,0
wrist_bvp.csv,15.624996557327384,0.4841271405508657,0
forehead_eeg_alpha_abs.csv,109.80787843592722,624.5253478749207,0
ear_ppg_right.csv,10.0,0.0,0
chest_bb_interval.csv,3040.0,715.0956055433326,0
chest_rr_interval.csv,716.4933670246368,197.40318512390587,0
ear_acc_left.csv,9.597484436324265,0.5135591756726843,0
ear_ppg_left.csv,10.0,0.0,0
wrist_hr.csv,1000.0,0.0,0
zephyr_activity_summary.csv,1000.0,0.0,0
forehead_eeg_theta_abs.csv,101.69074386359378,29.075872576934902,0
chest_raw_ecg.csv,4.0,0.0,0
forehead_eeg_beta_abs.csv,101.6716935181716,29.024741583013675,0
forehead_acc.csv,19.879546536756894,29.643285242175253,0
forehead_eeg_gamma_abs.csv,101.9869397726205,43.616218050594014,0
chest_physiology_summary.csv,1000.0,0.0,0
zephyr_device_status.csv,1000.0,0.0,0
muse_jaw_clenches.csv,25497.975,47625.44448974217,0
forehead_eeg_raw.csv,3.9846228392501204,12.097403125167482,0
chest_sensor_summary.csv,1000.0,0.0,0
muse_blinks.csv,1152.9011689691818,948.6434591364979,0
wrist_eda.csv,250.0,0.0,0
forehead_eeg_delta_abs.csv,101.66217102182262,29.03337579361683,0
ear_gyro_left.csv,9.597283987728433,0.5031006158866881,0
wrist_ibi.csv,2112.128712871287,12830.70270878633,0
ear_gyro_right.csv,9.597363558400453,0.5095114440293566,0
forehead_gyro.csv,19.865721083455345,29.53093207694676,0
ear_acc_right.csv,9.597363558400453,0.5095114440293566,0
muse_device_touch.csv,101.63352059925094,28.966755244821684,0
chest_raw_breathing.csv,40.0,0.0,0
wrist_skin_temperature.csv,250.0,0.0,0
muse_device_battery.csv,10006.592592592593,353.2616788959612,0
muse_device_fit.csv,101.69074386359378,29.015192512903077,0
wrist_acc.csv,31.25,0.4330189349364887,0
chest_raw_acc.csv,10.0,0.0,0
wrist_bvp.csv,15.625005397780432,0.48412500882251536,0
forehead_eeg_alpha_abs.csv,101.6716935181716,29.07308127588254,0
ear_ppg_right.csv,10.0,0.0,0
chest_bb_interval.csv,3028.057971014493,1170.5141968390153,0
chest_rr_interval.csv,669.6382716049383,222.6833048249977,0
ear_acc_left.csv,9.597283987728433,0.5031006158866881,0
ear_ppg_left.csv,10.0,0.0,0
wrist_hr.csv,1000.0,0.0,0
zephyr_activity_summary.csv,1000.0,0.0,0
forehead_eeg_theta_abs.csv,101.56350008421762,32.09689415001127,0
chest_raw_ecg.csv,4.0,0.0,0
forehead_eeg_beta_abs.csv,101.56565316263791,31.910722772719154,0
forehead_acc.csv,19.997545646009186,31.42138618409846,0
forehead_eeg_gamma_abs.csv,101.56366851945427,32.32261045853421,0
chest_physiology_summary.csv,1000.0,0.0,0
zephyr_device_status.csv,1000.0,0.0,0
muse_jaw_clenches.csv,27575.69230769231,116073.1570504634,0
forehead_eeg_raw.csv,3.9793570186466574,10.214163211893444,0
chest_sensor_summary.csv,1000.0,0.0,0
muse_blinks.csv,1029.7418803418802,784.2365632954534,0
wrist_eda.csv,250.0,0.0,0
forehead_eeg_delta_abs.csv,101.5653162637918,31.96279739880502,0
ear_gyro_left.csv,9.59755204685809,0.5132303690546426,0
wrist_ibi.csv,4393.28085106383,22699.069190549795,0
ear_gyro_right.csv,9.597560005093271,0.5022254551930546,0
forehead_gyro.csv,20.01586827341234,31.356127836898803,0
ear_acc_right.csv,9.597560005093271,0.5022254551930546,0
muse_device_touch.csv,101.56624273561863,31.742987624293804,0
chest_raw_breathing.csv,40.0,0.0,0
wrist_skin_temperature.csv,250.0,0.0,0
muse_device_battery.csv,10006.773109243697,34.03598219999643,0
muse_device_fit.csv,101.56366851945427,32.516374493080995,0
wrist_acc.csv,31.25,0.4330183121367943,0
chest_raw_acc.csv,10.0,0.0,0
wrist_bvp.csv,15.625,0.48412605446751195,0
forehead_eeg_alpha_abs.csv,101.5661585109071,31.873095686587657,0
ear_ppg_right.csv,10.0,0.0,0
chest_bb_interval.csv,2700.767494356659,1668.4396340097705,0
chest_rr_interval.csv,479.3928429423459,178.80364366460176,0
ear_acc_left.csv,9.59755204685809,0.5132303690546426,0
ear_ppg_left.csv,10.0,0.0,0
wrist_hr.csv,1000.0,0.0,0
zephyr_activity_summary.csv,1000.0,0.0,0
forehead_eeg_theta_abs.csv,101.55417562295996,25.64934936580626,0
chest_raw_ecg.csv,4.0,0.0,0
forehead_eeg_beta_abs.csv,101.55536979539846,25.69994941057324,0
forehead_acc.csv,19.76338621715419,28.57699912761818,0
forehead_eeg_gamma_abs.csv,101.56226114649681,25.673331276470986,0
chest_physiology_summary.csv,1000.0,0.0,0
zephyr_device_status.csv,1000.0,0.0,0
muse_jaw_clenches.csv,53845.72727272727,69248.33502979165,0
forehead_eeg_raw.csv,3.9496395972406275,11.968429826857909,0
chest_sensor_summary.csv,1000.0,0.0,0
muse_blinks.csv,1100.335355285962,1247.9879741848038,0
wrist_eda.csv,250.0,0.0,0
forehead_eeg_delta_abs.csv,101.56226114649681,25.70158221342139,0
ear_gyro_left.csv,9.596052158735048,0.5086701994443894,0
wrist_ibi.csv,3846.4630225080386,18108.36527804162,0
ear_gyro_right.csv,9.596178033317077,0.5205178602601803,0
forehead_gyro.csv,19.76520809445598,28.496821161499906,0
ear_acc_right.csv,9.596178033317077,0.5205178602601803,0
muse_device_touch.csv,101.55417562295996,25.623165436097423,0
chest_raw_breathing.csv,40.0,0.0,0
wrist_skin_temperature.csv,250.0,0.0,0
muse_device_battery.csv,10006.753968253968,18.2356514588041,0
muse_device_fit.csv,101.55536979539846,25.5360363270884,0
wrist_acc.csv,31.25,0.4330180059179169,0
chest_raw_acc.csv,10.0,0.0,0
wrist_bvp.csv,15.625004593280337,0.4841246972425972,0
forehead_eeg_alpha_abs.csv,101.55536979539846,25.74323196614426,0
ear_ppg_right.csv,10.0,0.0,0
chest_bb_interval.csv,3284.0625,1320.749908136791,0
chest_rr_interval.csv,812.7059948979592,236.86319788885328,0
ear_acc_left.csv,9.596052158735048,0.5086701994443894,0
ear_ppg_left.csv,10.0,0.0,0
wrist_hr.csv,1000.0,0.0,0
zephyr_activity_summary.csv,1000.0,0.0,0
forehead_eeg_theta_abs.csv,101.57167189601076,51.130642552996065,0
chest_raw_ecg.csv,4.0,0.0,0
forehead_eeg_beta_abs.csv,101.59756097560975,51.032346686814236,0
forehead_acc.csv,19.745882926999286,35.1316956651244,0
forehead_eeg_gamma_abs.csv,101.58988612929257,51.14059703675513,0
chest_physiology_summary.csv,1000.0,0.0,0
zephyr_device_status.csv,1000.0,0.0,0
muse_jaw_clenches.csv,20417.266666666666,31287.197850500514,0
forehead_eeg_raw.csv,3.95829636202307,15.187140687457841,0
chest_sensor_summary.csv,1000.0,0.0,0
muse_blinks.csv,962.0866610025489,522.6903220412568,0
wrist_eda.csv,250.0,0.0,0
forehead_eeg_delta_abs.csv,101.6172197309417,51.04307131289125,0
ear_gyro_left.csv,10.943038499834053,208.51223202018522,0
wrist_ibi.csv,2730.5389221556884,14119.188500083234,0
ear_gyro_right.csv,11.002670784125527,217.12864063338452,0
forehead_gyro.csv,19.752571388724242,34.85408026926892,0
ear_acc_right.csv,11.002670784125527,217.12864063338452,0
muse_device_touch.csv,101.64313268143896,51.04310319170052,0
chest_raw_breathing.csv,40.0,0.0,0
wrist_skin_temperature.csv,250.0,0.0,0
muse_device_battery.csv,10006.348214285714,86.021127702425,0
muse_device_fit.csv,101.58077819616281,51.094432748664666,0
wrist_acc.csv,31.25,0.4330196735427763,0
chest_raw_acc.csv,10.0,0.0,0
wrist_bvp.csv,15.62499597462403,0.4841278552146452,0
forehead_eeg_alpha_abs.csv,101.5961262553802,51.081508446065904,0
ear_ppg_right.csv,10.0,0.0,0
chest_bb_interval.csv,4263.939393939394,1994.1563898901097,0
chest_rr_interval.csv,840.7750556792873,151.82492371323005,0
ear_acc_left.csv,10.943038499834053,208.51223202018522,0
ear_ppg_left.csv,10.0,0.0,0
wrist_hr.csv,1000.0,0.0,0
zephyr_activity_summary.csv,1000.0,0.0,0
forehead_eeg_theta_abs.csv,102.181072389578,52.04741122583321,0
chest_raw_ecg.csv,4.0,0.0,0
forehead_eeg_beta_abs.csv,102.09396721311475,51.92027309265549,0
forehead_acc.csv,19.81833687613762,33.40740981386334,0
forehead_eeg_gamma_abs.csv,102.12745162348311,51.969300023594776,0
chest_physiology_summary.csv,1000.0,0.0,0
zephyr_device_status.csv,1000.0,0.0,0
muse_jaw_clenches.csv,74860.7,98319.76556334733,0
forehead_eeg_raw.csv,3.9611181922490797,14.976637123128729,0
chest_sensor_summary.csv,1000.0,0.0,0
muse_blinks.csv,1185.2460015232293,1650.6156389224645,0
wrist_eda.csv,250.0,0.0,0
forehead_eeg_delta_abs.csv,102.11412081065127,51.907052364040005,0
ear_gyro_left.csv,9.598105030853352,0.5041069508205966,0
wrist_ibi.csv,3071.2702702702704,14471.07421381708,0
ear_gyro_right.csv,9.598105030853352,0.49906802319780824,0
forehead_gyro.csv,19.820102856560926,33.32319819700138,0
ear_acc_right.csv,9.598105030853352,0.49906802319780824,0
muse_device_touch.csv,102.11405522397848,51.899980157125036,0
chest_raw_breathing.csv,40.0,0.0,0
wrist_skin_temperature.csv,250.0,0.0,0
muse_device_battery.csv,10071.62091503268,813.7742639808524,0
muse_device_fit.csv,102.15438619513155,51.93365299057189,0
wrist_acc.csv,31.25,0.4330170473805396,0
chest_raw_acc.csv,10.0,0.0,0
wrist_bvp.csv,15.625,0.48412534745946345,0
forehead_eeg_alpha_abs.csv,102.11405522397848,51.964242300774494,0
ear_ppg_right.csv,10.0,0.0,0
chest_bb_interval.csv,3053.1755424063117,1271.6252612669916,0
chest_rr_interval.csv,754.0950072709646,255.74358538173846,0
ear_acc_left.csv,9.598105030853352,0.5041069508205966,0
ear_ppg_left.csv,10.0,0.0,0
wrist_hr.csv,1000.0,0.0,0
zephyr_activity_summary.csv,1000.0,0.0,0
forehead_eeg_theta_abs.csv,108.94830949284786,714.2245242111948,0
chest_raw_ecg.csv,4.0,0.0,0
forehead_eeg_beta_abs.csv,108.94830949284786,714.3656233133224,0
forehead_acc.csv,21.20279952550415,316.1473520847317,0
forehead_eeg_gamma_abs.csv,108.93945550589191,714.2003339585646,0
chest_physiology_summary.csv,1000.0,0.0,0
zephyr_device_status.csv,1000.0,0.0,0
muse_jaw_clenches.csv,32766.5,60222.33340051432,0
forehead_eeg_raw.csv,4.239630345333616,141.31397067111266,0
chest_sensor_summary.csv,1000.0,0.0,0
muse_blinks.csv,2347.326278659612,7890.133145974069,0
wrist_eda.csv,250.0,0.0,0
forehead_eeg_delta_abs.csv,108.95716491912542,714.3944907475828,0
ear_gyro_left.csv,9.597799160903246,0.5063624281736242,0
wrist_ibi.csv,1535.2465277777778,4164.945099090165,0
ear_gyro_right.csv,9.59793947291173,0.5053304767074474,0
forehead_gyro.csv,21.203470256077694,316.11009447363466,0
ear_acc_right.csv,9.59793947291173,0.5053304767074474,0
muse_device_touch.csv,108.93945550589191,714.335588766884,0
chest_raw_breathing.csv,40.0,0.0,0
wrist_skin_temperature.csv,250.0,0.0,0
muse_device_battery.csv,10765.235772357724,7165.052002466842,0
muse_device_fit.csv,108.93945550589191,714.1788256346673,0
wrist_acc.csv,31.250017483740123,0.43302784299072783,0
chest_raw_acc.csv,10.0,0.0,0
wrist_bvp.csv,15.62499417222248,0.48412724435835347,0
forehead_eeg_alpha_abs.csv,108.94830949284786,714.3627636584018,0
ear_ppg_right.csv,10.0,0.0,0
chest_bb_interval.csv,3809.714285714286,2676.9373572066525,0
chest_rr_interval.csv,790.2182890855457,198.8732594822508,0
ear_acc_left.csv,9.597799160903246,0.5063624281736242,0
ear_ppg_left.csv,10.0,0.0,0
wrist_hr.csv,1000.0,0.0,0
zephyr_activity_summary.csv,1000.0,0.0,0
forehead_eeg_theta_abs.csv,105.5102838010204,223.05466400836255,0
chest_raw_ecg.csv,4.0,0.0,0
forehead_eeg_beta_abs.csv,105.45143813241972,223.08748219761276,0
forehead_acc.csv,20.410217267274213,99.83184628472746,0
forehead_eeg_gamma_abs.csv,105.56085500079757,223.09012376968278,0
chest_physiology_summary.csv,1000.0,0.0,0
zephyr_device_status.csv,1000.0,0.0,0
muse_jaw_clenches.csv,15218.802469135802,38323.0304221299,0
forehead_eeg_raw.csv,4.07459047431402,44.567958979284285,0
chest_sensor_summary.csv,1000.0,0.0,0
muse_blinks.csv,1263.6653919694072,2429.7322822748215,0
wrist_eda.csv,250.0,0.0,0
forehead_eeg_delta_abs.csv,105.468244481632,222.9622512716991,0
ear_gyro_left.csv,9.597773910521354,0.5095376050355588,0
wrist_ibi.csv,3353.3834196891194,17105.029534306293,0
ear_gyro_right.csv,9.597843505500004,0.502776744966523,0
forehead_gyro.csv,20.40740112558785,100.01821291937311,0
ear_acc_right.csv,9.597843505500004,0.502776744966523,0
muse_device_touch.csv,105.36637210413184,222.36466039799507,0
chest_raw_breathing.csv,40.0,0.0,0
wrist_skin_temperature.csv,250.0,0.0,0
muse_device_battery.csv,10322.75,2099.9952343402992,0
muse_device_fit.csv,105.46,222.97528053293922,0
wrist_acc.csv,31.25000590249085,0.4330212214810243,0
chest_raw_acc.csv,10.0,0.0,0
wrist_bvp.csv,15.625,0.4841257757648573,0
forehead_eeg_alpha_abs.csv,105.44184193753983,222.98325701562987,0
ear_ppg_right.csv,10.0,0.0,0
chest_bb_interval.csv,3250.7389162561576,1200.6841448181065,0
chest_rr_interval.csv,764.4052023121387,189.68788548572576,0
ear_acc_left.csv,9.597773910521354,0.5095376050355588,0
ear_ppg_left.csv,10.0,0.0,0
wrist_hr.csv,1000.0,0.0,0
zephyr_activity_summary.csv,1000.0,0.0,0
forehead_eeg_theta_abs.csv,109.62039738780047,767.9916163329486,0
chest_raw_ecg.csv,4.0,0.0,0
forehead_eeg_beta_abs.csv,109.61278221604724,768.0872157994629,0
forehead_acc.csv,21.350851081103023,339.9090352658552,0
forehead_eeg_gamma_abs.csv,109.59001250173635,767.875790127967,0
chest_physiology_summary.csv,1000.0,0.0,0
zephyr_device_status.csv,1000.0,0.0,0
muse_jaw_clenches.csv,88040.53333333334,105437.1625430228,0
forehead_eeg_raw.csv,4.272954244507689,152.11826759348094,0
chest_sensor_summary.csv,1000.0,0.0,0
muse_blinks.csv,3009.619230769231,5521.653309380588,0
wrist_eda.csv,250.0,0.0,0
forehead_eeg_delta_abs.csv,109.628152574168,768.0168112694514,0
ear_gyro_left.csv,9.59999756652512,0.48989993548245003,0
wrist_ibi.csv,1700.031145717464,2882.5631228401626,0
ear_gyro_right.csv,9.59999756652512,0.4898999354824501,0
forehead_gyro.csv,21.34506127749371,339.83422915462535,0
ear_acc_right.csv,9.59999756652512,0.4898999354824501,0
muse_device_touch.csv,109.70541611624834,768.4684983169981,0
chest_raw_breathing.csv,40.0,0.0,0
wrist_skin_temperature.csv,250.0,0.0,0
muse_device_battery.csv,10860.708333333334,7857.560734576122,0
muse_device_fit.csv,109.62808309594942,768.0139854224038,0
wrist_acc.csv,31.25,0.4330169895499882,0
chest_raw_acc.csv,10.0,0.0,0
wrist_bvp.csv,15.625,0.48412531513168583,0
forehead_eeg_alpha_abs.csv,109.58344329467324,768.0433711138958,0
ear_ppg_right.csv,10.0,0.0,0
chest_bb_interval.csv,4540.521739130435,2965.81685132363,0
chest_rr_interval.csv,979.3488516449411,157.23482842684535,0
ear_acc_left.csv,9.59999756652512,0.48989993548245003,0
ear_ppg_left.csv,10.0,0.0,0
