video,label,ear,mar
5.mp4,5,0.1838,2.0486
5.mp4,5,0.1596,1.8686
5.mp4,5,0.1874,1.9928
5.mp4,5,0.179,2.0535
5.mp4,5,0.1726,1.6415
5.mp4,5,0.1839,2.1222
5.mp4,5,0.2001,1.9461
5.mp4,5,0.1995,2.1592
5.mp4,5,0.1782,1.998
5.mp4,5,0.1771,1.9057
5.mp4,5,0.1727,2.0865
5.mp4,5,0.1796,1.8008
5.mp4,5,0.1964,2.2423
5.mp4,5,0.1922,2.0328
5.mp4,5,0.1688,1.7204
5.mp4,5,0.1945,1.7614
5.mp4,5,0.2037,1.7563
5.mp4,5,0.1845,1.776
5.mp4,5,0.1301,1.8454
5.mp4,5,0.1984,1.7922
5.mp4,5,0.1907,1.8245
5.mp4,5,0.1965,2.0096
5.mp4,5,0.1927,1.9869
5.mp4,5,0.1934,2.1549
5.mp4,5,0.1847,1.9387
5.mp4,5,0.1817,2.0338
5.mp4,5,0.1764,2.0334
5.mp4,5,0.1744,1.9815
5.mp4,5,0.1831,1.8851
5.mp4,5,0.1763,1.8648
5.mp4,5,0.1764,2.0876
5.mp4,5,0.1437,1.8308
5.mp4,5,0.1761,1.7826
5.mp4,5,0.1799,1.8746
5.mp4,5,0.1545,1.7827
5.mp4,5,0.1779,1.9311
5.mp4,5,0.1719,1.8459
5.mp4,5,0.18,1.9176
5.mp4,5,0.1729,1.9149
5.mp4,5,0.1964,1.986
5.mp4,5,0.185,1.8774
5.mp4,5,0.1765,1.876
5.mp4,5,0.184,1.7044
5.mp4,5,0.1812,1.7991
5.mp4,5,0.183,2.1274
5.mp4,5,0.181,1.7161
5.mp4,5,0.1721,1.8702
5.mp4,5,0.185,1.8638
5.mp4,5,0.1781,1.9436
5.mp4,5,0.1822,1.968
5.mp4,5,0.1832,2.2047
5.mp4,5,0.1928,1.7678
5.mp4,5,0.0964,1.8935
5.mp4,5,0.2033,1.9668
5.mp4,5,0.1917,1.9032
5.mp4,5,0.1849,1.9632
5.mp4,5,0.1843,1.9413
5.mp4,5,0.1794,2.0732
5.mp4,5,0.1974,1.985
5.mp4,5,0.194,2.0516
5.mp4,5,0.1873,1.8742
5.mp4,5,0.1774,1.9007
5.mp4,5,0.183,2.0623
5.mp4,5,0.1812,2.0342
5.mp4,5,0.1697,2.0237
5.mp4,5,0.1717,2.0365
5.mp4,5,0.179,2.0845
5.mp4,5,0.179,2.0764
5.mp4,5,0.1868,1.8593
5.mp4,5,0.2055,2.0234
5.mp4,5,0.1887,1.9975
5.mp4,5,0.1903,2.1049
5.mp4,5,0.1844,1.881
5.mp4,5,0.1741,1.7837
5.mp4,5,0.1733,2.3399
5.mp4,5,0.1632,1.7795
5.mp4,5,0.1625,1.6229
5.mp4,5,0.1683,1.9049
5.mp4,5,0.1712,1.6241
5.mp4,5,0.1593,1.5947
5.mp4,5,0.1663,1.6741
5.mp4,5,0.0446,1.7046
5.mp4,5,0.1899,1.7202
5.mp4,5,0.1853,1.8095
5.mp4,5,0.1962,1.8232
5.mp4,5,0.1804,1.6525
5.mp4,5,0.1893,1.8563
5.mp4,5,0.1884,1.7385
5.mp4,5,0.1838,1.8028
5.mp4,5,0.1886,1.7637
5.mp4,5,0.1867,1.6272
5.mp4,5,0.1919,1.7125
5.mp4,5,0.1927,1.6664
5.mp4,5,0.2042,1.7672
5.mp4,5,0.2093,1.727
5.mp4,5,0.1842,1.7722
5.mp4,5,0.1933,1.7226
5.mp4,5,0.1867,1.7533
5.mp4,5,0.189,1.7387
5.mp4,5,0.2044,1.7526
5.mp4,5,0.1916,1.8351
5.mp4,5,0.1961,1.7544
5.mp4,5,0.184,1.7314
5.mp4,5,0.1899,1.8203
5.mp4,5,0.193,1.8484
5.mp4,5,0.1895,1.8972
5.mp4,5,0.1865,1.7969
5.mp4,5,0.1824,1.7221
5.mp4,5,0.1761,1.7729
5.mp4,5,0.1932,1.8183
5.mp4,5,0.1851,1.6846
5.mp4,5,0.189,1.8385
5.mp4,5,0.1855,1.8824
5.mp4,5,0.1812,1.7267
5.mp4,5,0.2026,1.7729
5.mp4,5,0.1904,1.8151
5.mp4,5,0.1797,1.959
5.mp4,5,0.1773,1.8587
5.mp4,5,0.1847,1.783
5.mp4,5,0.1811,1.7993
5.mp4,5,0.1775,1.8493
5.mp4,5,0.1953,1.8188
5.mp4,5,0.1882,1.9486
5.mp4,5,0.1779,1.8435
5.mp4,5,0.1862,1.7521
5.mp4,5,0.1944,1.6332
5.mp4,5,0.1793,1.7088
5.mp4,5,0.1848,1.7462
5.mp4,5,0.1958,1.8227
5.mp4,5,0.1882,1.7977
5.mp4,5,0.1791,1.7165
5.mp4,5,0.1675,1.7355
5.mp4,5,0.1646,1.8417
5.mp4,5,0.1697,1.8802
5.mp4,5,0.1803,1.8921
5.mp4,5,0.1603,1.861
5.mp4,5,0.1905,1.7449
5.mp4,5,0.194,1.8962
5.mp4,5,0.1783,1.7078
5.mp4,5,0.1803,1.6918
5.mp4,5,0.1782,1.7707
5.mp4,5,0.1879,1.7379
5.mp4,5,0.1758,1.5948
5.mp4,5,0.1903,1.7631
5.mp4,5,0.1961,1.9528
5.mp4,5,0.1811,1.9995
5.mp4,5,0.1816,1.724
5.mp4,5,0.1715,1.8871
5.mp4,5,0.1963,1.7965
5.mp4,5,0.1889,1.7828
5.mp4,5,0.1896,1.7106
5.mp4,5,0.1874,1.7382
5.mp4,5,0.1945,1.7645
5.mp4,5,0.1745,1.7093
5.mp4,5,0.1858,1.6654
5.mp4,5,0.1859,1.7821
5.mp4,5,0.1779,1.7475
5.mp4,5,0.1791,1.7868
5.mp4,5,0.1938,2.1037
5.mp4,5,0.1737,2.1244
5.mp4,5,0.1828,1.6838
5.mp4,5,0.1652,1.8055
5.mp4,5,0.1807,1.6525
5.mp4,5,0.1893,2.1348
5.mp4,5,0.1961,1.9608
5.mp4,5,0.1841,1.8145
5.mp4,5,0.2074,1.8037
5.mp4,5,0.2032,1.937
5.mp4,5,0.181,1.8886
5.mp4,5,0.18,1.8673
5.mp4,5,0.1762,1.9636
5.mp4,5,0.1942,1.8225
5.mp4,5,0.1944,1.89
5.mp4,5,0.1798,1.9491
5.mp4,5,0.1855,1.8143
5.mp4,5,0.1894,1.7678
5.mp4,5,0.1915,1.8499
5.mp4,5,0.1916,1.8863
5.mp4,5,0.1827,1.7734
5.mp4,5,0.1857,1.8817
5.mp4,5,0.1961,2.1172
5.mp4,5,0.168,1.8144
5.mp4,5,0.1652,1.684
5.mp4,5,0.1685,1.6475
5.mp4,5,0.1793,1.5794
5.mp4,5,0.174,1.7559
5.mp4,5,0.1952,1.9094
5.mp4,5,0.176,1.8838
5.mp4,5,0.1958,1.9202
5.mp4,5,0.1843,1.8281
5.mp4,5,0.168,1.7783
5.mp4,5,0.1953,1.8274
5.mp4,5,0.1826,1.7266
5.mp4,5,0.2029,1.7925
5.mp4,5,0.1866,1.8429
5.mp4,5,0.1927,1.8855
5.mp4,5,0.1806,1.8237
5.mp4,5,0.1871,1.8317
5.mp4,5,0.1902,1.6676
5.mp4,5,0.1869,1.8219
5.mp4,5,0.1884,1.7262
5.mp4,5,0.1854,1.9358
5.mp4,5,0.1849,1.9263
5.mp4,5,0.0611,1.8156
5.mp4,5,0.1896,1.8211
5.mp4,5,0.1848,1.724
5.mp4,5,0.1849,1.7611
5.mp4,5,0.1912,1.607
5.mp4,5,0.1774,1.6787
5.mp4,5,0.1814,1.7437
5.mp4,5,0.1352,1.7653
5.mp4,5,0.1792,1.7449
5.mp4,5,0.1787,1.7162
5.mp4,5,0.1984,2.3978
5.mp4,5,0.1877,1.8644
5.mp4,5,0.1926,1.5806
5.mp4,5,0.1924,1.8138
5.mp4,5,0.1988,1.8104
5.mp4,5,0.1905,1.8263
5.mp4,5,0.1844,1.7112
5.mp4,5,0.1708,1.76
5.mp4,5,0.1948,1.8344
5.mp4,5,0.1687,2.0247
5.mp4,5,0.1656,1.8883
5.mp4,5,0.1679,1.8228
5.mp4,5,0.2005,1.2669
5.mp4,5,0.245,0.7401
5.mp4,5,0.1812,2.055
5.mp4,5,0.1856,2.0118
5.mp4,5,0.1745,1.9345
5.mp4,5,0.1793,2.1788
5.mp4,5,0.189,2.3999
5.mp4,5,0.1886,1.9425
5.mp4,5,0.1856,1.9246
5.mp4,5,0.1857,2.0264
5.mp4,5,0.1944,1.8537
5.mp4,5,0.1982,1.885
5.mp4,5,0.0533,1.8875
5.mp4,5,0.1945,2.229
5.mp4,5,0.1887,2.096
5.mp4,5,0.1915,1.9052
5.mp4,5,0.1677,1.814
5.mp4,5,0.1903,1.8989
5.mp4,5,0.1841,1.9651
5.mp4,5,0.2006,2.1882
5.mp4,5,0.1979,1.9671
5.mp4,5,0.1592,1.8614
5.mp4,5,0.1917,2.1345
5.mp4,5,0.196,2.0525
5.mp4,5,0.1894,2.1524
5.mp4,5,0.1844,1.9161
5.mp4,5,0.1866,1.9964
5.mp4,5,0.1369,2.2774
5.mp4,5,0.1799,2.0876
5.mp4,5,0.1824,2.2301
5.mp4,5,0.1782,1.9015
5.mp4,5,0.1633,1.7187
5.mp4,5,0.186,1.6949
5.mp4,5,0.1734,1.594
5.mp4,5,0.1792,2.012
5.mp4,5,0.1932,1.8966
5.mp4,5,0.172,1.7227
5.mp4,5,0.1841,1.8221
5.mp4,5,0.1849,1.9203
5.mp4,5,0.1871,1.998
5.mp4,5,0.1711,1.8283
5.mp4,5,0.1821,1.9277
5.mp4,5,0.178,1.9499
5.mp4,5,0.1819,1.8959
5.mp4,5,0.1897,2.0272
5.mp4,5,0.1851,1.8832
5.mp4,5,0.1641,1.9776
5.mp4,5,0.0603,2.0295
5.mp4,5,0.1901,1.8439
5.mp4,5,0.1826,1.8652
5.mp4,5,0.1834,1.9073
5.mp4,5,0.1962,1.852
5.mp4,5,0.1884,1.9567
5.mp4,5,0.1894,1.9483
5.mp4,5,0.1995,1.9315
5.mp4,5,0.0828,1.9027
5.mp4,5,0.1784,1.656
5.mp4,5,0.1581,1.588
5.mp4,5,0.1919,1.8756
5.mp4,5,0.1832,1.7907
5.mp4,5,0.1702,1.7922
5.mp4,5,0.1873,1.7588
5.mp4,5,0.1944,2.0879
5.mp4,5,0.1877,1.7564
5.mp4,5,0.1731,1.8223
5.mp4,5,0.2062,1.9092
5.mp4,5,0.1638,1.7341
5.mp4,5,0.1776,1.4449
5.mp4,5,0.2057,1.3852
5.mp4,5,0.1577,1.6924
5.mp4,5,0.1588,1.6208
5.mp4,5,0.1838,1.7199
5.mp4,5,0.203,3.7564
5.mp4,5,0.1798,1.7745
5.mp4,5,0.1589,1.6635
5.mp4,5,0.158,1.8039
10.mp4,10,0.179,1.8395
10.mp4,10,0.1166,1.7507
10.mp4,10,0.0384,1.6249
10.mp4,10,0.1684,1.5102
10.mp4,10,0.1461,1.6368
10.mp4,10,0.1713,1.302
10.mp4,10,0.2091,1.562
10.mp4,10,0.1863,1.6762
10.mp4,10,0.1695,1.7337
10.mp4,10,0.1646,1.7492
10.mp4,10,0.1887,1.9687
10.mp4,10,0.1487,1.9273
10.mp4,10,0.1543,2.04
10.mp4,10,0.1934,1.9273
10.mp4,10,0.1903,1.8202
10.mp4,10,0.2031,1.7297
10.mp4,10,0.1413,1.8618
10.mp4,10,0.1617,1.912
10.mp4,10,0.1838,1.9541
10.mp4,10,0.1947,2.0179
10.mp4,10,0.1865,1.9277
10.mp4,10,0.1708,1.9184
10.mp4,10,0.1852,2.132
10.mp4,10,0.1846,1.499
10.mp4,10,0.1827,1.8122
10.mp4,10,0.1794,1.7016
10.mp4,10,0.1227,1.6667
10.mp4,10,0.1681,1.7253
10.mp4,10,0.1825,1.8999
10.mp4,10,0.1918,1.7622
10.mp4,10,0.1872,1.7409
10.mp4,10,0.1813,1.8188
10.mp4,10,0.1899,2.0177
10.mp4,10,0.1754,2.0987
10.mp4,10,0.1915,1.9982
10.mp4,10,0.1771,1.9837
10.mp4,10,0.1784,1.9877
10.mp4,10,0.1728,3.0892
10.mp4,10,0.0652,2.007
10.mp4,10,0.1889,2.1067
10.mp4,10,0.1867,2.02
10.mp4,10,0.1764,1.8751
10.mp4,10,0.1828,1.9201
10.mp4,10,0.1976,3.0847
10.mp4,10,0.1725,3.1969
10.mp4,10,0.1766,1.9907
10.mp4,10,0.1895,2.1674
10.mp4,10,0.1851,2.1671
10.mp4,10,0.1634,2.4562
10.mp4,10,0.1839,2.3101
10.mp4,10,0.1631,2.1469
10.mp4,10,0.1636,2.0509
10.mp4,10,0.1851,1.9771
10.mp4,10,0.1814,1.9563
10.mp4,10,0.1768,1.8948
10.mp4,10,0.1681,1.9759
10.mp4,10,0.1477,2.0768
10.mp4,10,0.17,2.1585
10.mp4,10,0.1657,2.405
10.mp4,10,0.1692,1.9569
10.mp4,10,0.1747,2.2529
10.mp4,10,0.1569,2.3632
10.mp4,10,0.1747,3.3546
10.mp4,10,0.1682,2.1183
10.mp4,10,0.1761,1.9277
10.mp4,10,0.1777,1.9586
10.mp4,10,0.1882,2.1033
10.mp4,10,0.1837,1.7642
10.mp4,10,0.1589,2.3339
10.mp4,10,0.1702,2.5356
10.mp4,10,0.1648,2.5328
10.mp4,10,0.1855,3.2948
10.mp4,10,0.1836,2.6488
10.mp4,10,0.1837,2.4618
10.mp4,10,0.1671,2.0803
10.mp4,10,0.1708,2.1935
10.mp4,10,0.1899,2.6534
10.mp4,10,0.1774,2.0554
10.mp4,10,0.165,1.4954
10.mp4,10,0.1796,1.8918
10.mp4,10,0.1586,1.5849
10.mp4,10,0.1527,1.5483
10.mp4,10,0.1838,1.4831
10.mp4,10,0.1599,1.5147
10.mp4,10,0.1716,1.6827
10.mp4,10,0.1276,1.817
10.mp4,10,0.1154,1.7189
10.mp4,10,0.157,1.6296
10.mp4,10,0.1843,1.5801
10.mp4,10,0.2055,1.6219
10.mp4,10,0.1847,2.0705
10.mp4,10,0.1724,2.7846
10.mp4,10,0.1702,1.8634
10.mp4,10,0.1854,2.0522
10.mp4,10,0.1663,1.6358
10.mp4,10,0.1681,1.925
10.mp4,10,0.155,1.9473
10.mp4,10,0.1547,1.8725
10.mp4,10,0.1781,2.0849
10.mp4,10,0.1758,1.6316
10.mp4,10,0.1501,1.594
10.mp4,10,0.1705,1.6795
10.mp4,10,0.1755,1.9499
10.mp4,10,0.1754,1.8022
10.mp4,10,0.1862,2.3396
10.mp4,10,0.1114,2.7727
10.mp4,10,0.2136,2.5774
10.mp4,10,0.1792,2.0173
10.mp4,10,0.1668,2.0343
10.mp4,10,0.1908,2.2532
10.mp4,10,0.1844,2.3019
10.mp4,10,0.1786,1.9857
10.mp4,10,0.1679,1.9227
10.mp4,10,0.1687,2.7059
10.mp4,10,0.174,2.1185
10.mp4,10,0.1846,2.0825
10.mp4,10,0.1727,2.0557
10.mp4,10,0.1919,1.9735
10.mp4,10,0.1861,1.9453
10.mp4,10,0.1755,1.978
10.mp4,10,0.1677,1.7795
10.mp4,10,0.1781,1.7315
10.mp4,10,0.1706,1.9456
10.mp4,10,0.1635,1.5706
10.mp4,10,0.1834,1.8325
10.mp4,10,0.211,2.0033
10.mp4,10,0.1975,1.9063
10.mp4,10,0.1292,1.7158
10.mp4,10,0.165,1.7444
10.mp4,10,0.1519,1.706
10.mp4,10,0.144,1.7186
10.mp4,10,0.1317,1.6757
10.mp4,10,0.1569,1.648
10.mp4,10,0.1446,1.7431
10.mp4,10,0.1728,1.8212
10.mp4,10,0.1846,1.8052
10.mp4,10,0.17,2.158
10.mp4,10,0.167,1.9627
10.mp4,10,0.1615,2.1766
10.mp4,10,0.1566,1.9736
10.mp4,10,0.1675,1.871
10.mp4,10,0.1553,2.001
10.mp4,10,0.1503,1.9674
10.mp4,10,0.1456,2.0025
10.mp4,10,0.1399,1.7241
10.mp4,10,0.1684,1.869
10.mp4,10,0.1684,1.7957
10.mp4,10,0.1547,1.8067
10.mp4,10,0.1602,1.969
10.mp4,10,0.1579,1.8981
10.mp4,10,0.1544,1.9935
10.mp4,10,0.1437,1.8277
10.mp4,10,0.1495,1.7712
10.mp4,10,0.1511,2.0379
10.mp4,10,0.1493,2.1817
10.mp4,10,0.1431,1.6463
10.mp4,10,0.0541,2.0035
10.mp4,10,0.1568,1.8928
10.mp4,10,0.1606,1.8635
10.mp4,10,0.1288,1.7375
10.mp4,10,0.1544,1.8197
10.mp4,10,0.1589,1.5884
10.mp4,10,0.1631,1.7496
10.mp4,10,0.1597,1.7691
10.mp4,10,0.1377,1.7
10.mp4,10,0.1664,1.6241
10.mp4,10,0.1485,1.6272
10.mp4,10,0.1739,1.696
10.mp4,10,0.1498,2.0036
10.mp4,10,0.1565,1.8481
10.mp4,10,0.1502,1.8347
10.mp4,10,0.1471,2.0664
10.mp4,10,0.1714,1.9521
10.mp4,10,0.1545,1.8734
10.mp4,10,0.1677,1.9281
10.mp4,10,0.1458,1.9534
10.mp4,10,0.1634,2.0105
10.mp4,10,0.1522,2.0448
10.mp4,10,0.1748,2.0486
10.mp4,10,0.1784,2.344
10.mp4,10,0.1446,1.8666
10.mp4,10,0.1747,2.07
10.mp4,10,0.1538,1.4131
10.mp4,10,0.1758,1.9627
10.mp4,10,0.1708,1.7101
10.mp4,10,0.1721,2.2101
10.mp4,10,0.162,2.1632
10.mp4,10,0.0963,2.3449
10.mp4,10,0.1639,2.0592
10.mp4,10,0.1497,2.1078
10.mp4,10,0.1511,1.8897
10.mp4,10,0.131,1.8798
10.mp4,10,0.1499,1.9936
10.mp4,10,0.1607,2.1305
10.mp4,10,0.1803,2.0517
10.mp4,10,0.1719,1.9856
10.mp4,10,0.1727,1.9008
10.mp4,10,0.1656,1.9505
10.mp4,10,0.1613,1.9352
10.mp4,10,0.1691,1.7952
10.mp4,10,0.1497,1.597
10.mp4,10,0.1641,1.7034
10.mp4,10,0.1596,1.8705
10.mp4,10,0.1602,1.7911
10.mp4,10,0.1489,1.7882
10.mp4,10,0.1455,1.8411
10.mp4,10,0.1514,1.7085
10.mp4,10,0.1466,1.8589
10.mp4,10,0.138,1.807
10.mp4,10,0.1419,1.7994
10.mp4,10,0.1492,1.6984
10.mp4,10,0.157,1.7812
10.mp4,10,0.1541,1.8754
10.mp4,10,0.1311,1.795
10.mp4,10,0.1612,1.6775
10.mp4,10,0.1435,1.664
10.mp4,10,0.1759,1.6848
10.mp4,10,0.1673,2.0938
10.mp4,10,0.1575,1.6619
10.mp4,10,0.1624,1.7127
10.mp4,10,0.144,1.6562
10.mp4,10,0.1807,1.8125
10.mp4,10,0.1658,1.8562
10.mp4,10,0.1618,1.6832
10.mp4,10,0.1409,1.8016
10.mp4,10,0.1504,1.6295
10.mp4,10,0.1382,1.6429
10.mp4,10,0.0745,1.6308
10.mp4,10,0.0606,1.7331
10.mp4,10,0.1477,1.7024
10.mp4,10,0.1501,1.6451
10.mp4,10,0.1508,1.5883
10.mp4,10,0.1513,1.561
10.mp4,10,0.159,1.6355
10.mp4,10,0.1612,1.577
10.mp4,10,0.1542,1.612
10.mp4,10,0.1494,1.5768
10.mp4,10,0.1355,1.5912
10.mp4,10,0.1446,1.5718
10.mp4,10,0.136,1.549
10.mp4,10,0.1439,1.6478
10.mp4,10,0.1486,1.5563
10.mp4,10,0.1458,1.5419
10.mp4,10,0.1418,1.4759
10.mp4,10,0.1496,1.5724
10.mp4,10,0.1513,1.7449
10.mp4,10,0.1812,1.5141
10.mp4,10,0.1393,2.632
10.mp4,10,0.1651,1.6191
10.mp4,10,0.1662,1.7498
10.mp4,10,0.1194,1.8023
10.mp4,10,0.1477,1.8114
10.mp4,10,0.1671,1.8336
10.mp4,10,0.1504,1.6539
10.mp4,10,0.1493,1.7007
10.mp4,10,0.1433,1.7627
10.mp4,10,0.1632,1.9917
10.mp4,10,0.1555,1.7333
10.mp4,10,0.1456,1.7963
10.mp4,10,0.1529,1.7121
10.mp4,10,0.1516,1.6825
10.mp4,10,0.061,1.6507
10.mp4,10,0.1376,1.7247
10.mp4,10,0.1476,1.7188
10.mp4,10,0.0961,1.6879
10.mp4,10,0.1434,1.6324
10.mp4,10,0.1532,1.6513
10.mp4,10,0.1395,1.6915
10.mp4,10,0.1574,1.5508
10.mp4,10,0.1469,1.8008
10.mp4,10,0.1731,1.7205
10.mp4,10,0.1516,1.8854
10.mp4,10,0.1585,1.8567
10.mp4,10,0.1668,1.6865
10.mp4,10,0.172,1.7717
10.mp4,10,0.1455,1.7054
10.mp4,10,0.1623,1.7103
10.mp4,10,0.156,1.7478
10.mp4,10,0.1497,1.7414
10.mp4,10,0.1534,1.6954
10.mp4,10,0.1654,1.6641
10.mp4,10,0.1502,1.7694
10.mp4,10,0.1232,1.7234
10.mp4,10,0.1692,1.7259
10.mp4,10,0.1607,1.7599
10.mp4,10,0.1062,1.9492
10.mp4,10,0.1575,1.7061
10.mp4,10,0.1573,1.7213
10.mp4,10,0.1614,1.7766
10.mp4,10,0.1691,1.7632
10.mp4,10,0.1549,1.7585
10.mp4,10,0.1973,1.2717
10.mp4,10,0.147,1.7772
10.mp4,10,0.1623,2.0557
10.mp4,10,0.1527,1.9775
10.mp4,10,0.1425,1.7908
10.mp4,10,0.1556,1.8079
10.mp4,10,0.1559,1.6781
10.mp4,10,0.159,1.7148
10.mp4,10,0.1503,1.7512
10.mp4,10,0.1416,1.6601
10.mp4,10,0.1711,1.8013
10.mp4,10,0.1537,1.6985
10.mp4,10,0.081,1.6489
10.mp4,10,0.1416,1.5662
10.mp4,10,0.1521,1.5255
0.mp4,0,0.1899,1.8309
0.mp4,0,0.1713,1.9268
0.mp4,0,0.1565,1.9881
0.mp4,0,0.1634,1.994
0.mp4,0,0.1898,2.0618
0.mp4,0,0.1776,2.0123
0.mp4,0,0.1778,1.7068
0.mp4,0,0.1616,1.9276
0.mp4,0,0.1936,1.7335
0.mp4,0,0.192,1.7358
0.mp4,0,0.1821,1.71
0.mp4,0,0.152,1.8382
0.mp4,0,0.1824,2.0095
0.mp4,0,0.1667,1.7833
0.mp4,0,0.1599,2.0926
0.mp4,0,0.1651,1.9406
0.mp4,0,0.1677,1.9063
0.mp4,0,0.166,1.9025
0.mp4,0,0.2242,1.9564
0.mp4,0,0.1924,2.1282
0.mp4,0,0.2119,2.0987
0.mp4,0,0.1936,2.1731
0.mp4,0,0.1972,2.1207
0.mp4,0,0.2162,2.1608
0.mp4,0,0.2112,3.1699
0.mp4,0,0.1888,2.2977
0.mp4,0,0.2,3.2637
0.mp4,0,0.2097,2.1582
0.mp4,0,0.2294,3.6053
0.mp4,0,0.1897,2.2856
0.mp4,0,0.2035,2.2453
0.mp4,0,0.1787,2.2083
0.mp4,0,0.1648,2.0716
0.mp4,0,0.1842,2.6448
0.mp4,0,0.1828,2.184
0.mp4,0,0.1906,2.0772
0.mp4,0,0.1778,2.1228
0.mp4,0,0.1834,2.0376
0.mp4,0,0.1835,1.9545
0.mp4,0,0.1836,2.1491
0.mp4,0,0.1631,1.8548
0.mp4,0,0.0179,2.1233
0.mp4,0,0.1469,2.1872
0.mp4,0,0.1939,1.947
0.mp4,0,0.1794,2.0811
0.mp4,0,0.1879,1.9051
0.mp4,0,0.1736,1.9067
0.mp4,0,0.1918,1.9729
0.mp4,0,0.1846,1.9232
0.mp4,0,0.1848,1.9173
0.mp4,0,0.2006,1.9688
0.mp4,0,0.1728,2.0258
0.mp4,0,0.1673,1.8788
0.mp4,0,0.1665,1.9244
0.mp4,0,0.2008,1.6274
0.mp4,0,0.1966,1.786
0.mp4,0,0.1788,1.7822
0.mp4,0,0.1742,1.9398
0.mp4,0,0.1738,1.7779
0.mp4,0,0.1768,1.9146
0.mp4,0,0.1849,1.931
0.mp4,0,0.183,1.993
0.mp4,0,0.1876,2.0186
0.mp4,0,0.1894,2.022
0.mp4,0,0.1997,1.899
0.mp4,0,0.208,2.0153
0.mp4,0,0.2023,2.0479
0.mp4,0,0.1874,2.0016
0.mp4,0,0.1664,2.0996
0.mp4,0,0.1699,1.9594
0.mp4,0,0.1696,1.8443
0.mp4,0,0.184,1.6217
0.mp4,0,0.2037,1.8837
0.mp4,0,0.181,1.8513
0.mp4,0,0.1952,1.7817
0.mp4,0,0.1831,1.8692
0.mp4,0,0.1888,2.85
0.mp4,0,0.1903,2.009
0.mp4,0,0.1906,2.042
0.mp4,0,0.1937,1.8141
0.mp4,0,0.1996,2.0677
0.mp4,0,0.192,2.2214
0.mp4,0,0.1978,1.988
0.mp4,0,0.1925,2.0308
0.mp4,0,0.1869,2.0806
0.mp4,0,0.2004,2.0611
0.mp4,0,0.1699,2.0238
0.mp4,0,0.1629,1.92
0.mp4,0,0.171,1.9489
0.mp4,0,0.1757,2.2355
0.mp4,0,0.1893,2.1045
0.mp4,0,0.192,1.978
0.mp4,0,0.1931,1.9803
0.mp4,0,0.1939,2.0139
0.mp4,0,0.1982,2.0719
0.mp4,0,0.1932,1.9579
0.mp4,0,0.1927,2.0525
0.mp4,0,0.1983,2.0146
0.mp4,0,0.1971,2.1852
0.mp4,0,0.1951,2.0957
0.mp4,0,0.1911,2.0746
0.mp4,0,0.1905,2.0752
0.mp4,0,0.1873,2.1489
0.mp4,0,0.1995,2.3118
0.mp4,0,0.184,2.0414
0.mp4,0,0.1969,2.2418
0.mp4,0,0.1948,2.2296
0.mp4,0,0.198,2.1486
0.mp4,0,0.1912,2.1605
0.mp4,0,0.1753,2.1489
0.mp4,0,0.1774,2.0047
0.mp4,0,0.1917,2.0366
0.mp4,0,0.1831,2.1127
0.mp4,0,0.1832,2.0723
0.mp4,0,0.1897,2.0013
0.mp4,0,0.1931,2.1028
0.mp4,0,0.1951,2.0849
0.mp4,0,0.1917,2.0474
0.mp4,0,0.1938,1.9734
0.mp4,0,0.1929,2.0252
0.mp4,0,0.1796,2.069
0.mp4,0,0.1838,2.0198
0.mp4,0,0.1708,1.8443
0.mp4,0,0.1712,1.9265
0.mp4,0,0.1578,1.7513
0.mp4,0,0.1987,1.8315
0.mp4,0,0.2194,1.859
0.mp4,0,0.1861,2.0553
0.mp4,0,0.1594,2.1224
0.mp4,0,0.1793,1.8397
0.mp4,0,0.1673,1.7747
0.mp4,0,0.1576,2.1536
0.mp4,0,0.1901,2.0584
0.mp4,0,0.1747,2.1142
0.mp4,0,0.1584,1.8194
0.mp4,0,0.1582,1.8196
0.mp4,0,0.1649,1.9483
0.mp4,0,0.1877,2.1111
0.mp4,0,0.1883,2.0099
0.mp4,0,0.1896,1.9385
0.mp4,0,0.1893,1.9324
0.mp4,0,0.1697,1.8921
0.mp4,0,0.1871,1.8698
0.mp4,0,0.1898,1.8575
0.mp4,0,0.1737,2.0174
0.mp4,0,0.1848,1.9493
0.mp4,0,0.1799,1.8258
0.mp4,0,0.184,1.1878
0.mp4,0,0.1887,1.9641
0.mp4,0,0.1868,1.9317
0.mp4,0,0.1868,2.2349
0.mp4,0,0.1805,2.1652
0.mp4,0,0.1922,2.118
0.mp4,0,0.1854,1.9821
0.mp4,0,0.1944,2.0181
0.mp4,0,0.1858,1.9392
0.mp4,0,0.1874,2.0318
0.mp4,0,0.1929,2.0498
0.mp4,0,0.1947,2.0377
0.mp4,0,0.1955,2.0789
0.mp4,0,0.1794,1.9718
0.mp4,0,0.1894,1.9253
0.mp4,0,0.1924,1.9678
0.mp4,0,0.1924,2.0105
0.mp4,0,0.1926,2.0732
0.mp4,0,0.1641,1.948
0.mp4,0,0.1905,2.0122
0.mp4,0,0.1759,1.828
0.mp4,0,0.18,1.8608
0.mp4,0,0.1728,1.9185
0.mp4,0,0.1932,2.02
0.mp4,0,0.1905,1.8953
0.mp4,0,0.1955,1.9098
0.mp4,0,0.2008,1.889
0.mp4,0,0.1877,1.9147
0.mp4,0,0.1901,1.9276
0.mp4,0,0.1832,1.9754
0.mp4,0,0.1947,1.8544
0.mp4,0,0.1889,1.9661
0.mp4,0,0.1875,1.912
0.mp4,0,0.185,1.9637
0.mp4,0,0.1929,1.8121
0.mp4,0,0.1884,1.9509
0.mp4,0,0.1843,2.0396
0.mp4,0,0.1809,2.0136
0.mp4,0,0.1774,1.8767
0.mp4,0,0.1697,1.846
0.mp4,0,0.164,1.9184
0.mp4,0,0.1668,1.9004
0.mp4,0,0.1929,1.9676
0.mp4,0,0.1919,2.0551
0.mp4,0,0.1868,2.1043
0.mp4,0,0.1917,1.6868
0.mp4,0,0.181,1.9587
0.mp4,0,0.191,2.187
0.mp4,0,0.1639,2.3623
0.mp4,0,0.1539,2.2282
0.mp4,0,0.1679,2.1288
0.mp4,0,0.1933,2.088
0.mp4,0,0.1909,2.1274
0.mp4,0,0.186,2.1826
0.mp4,0,0.1931,2.1015
0.mp4,0,0.1872,1.963
0.mp4,0,0.1921,1.9535
0.mp4,0,0.1925,1.9839
0.mp4,0,0.1904,2.1468
0.mp4,0,0.1838,2.0702
0.mp4,0,0.1872,2.2417
0.mp4,0,0.1784,2.013
0.mp4,0,0.1963,2.0154
0.mp4,0,0.1965,2.0312
0.mp4,0,0.1876,2.1409
0.mp4,0,0.1806,2.0875
0.mp4,0,0.1896,2.152
0.mp4,0,0.1955,2.0509
0.mp4,0,0.1933,2.2329
0.mp4,0,0.2101,2.2508
0.mp4,0,0.2034,2.2546
0.mp4,0,0.1987,2.2398
0.mp4,0,0.1976,2.1674
0.mp4,0,0.1861,2.3701
0.mp4,0,0.1998,2.2817
0.mp4,0,0.19,2.0414
0.mp4,0,0.1983,2.0121
0.mp4,0,0.1697,2.0042
0.mp4,0,0.1736,1.913
0.mp4,0,0.1612,2.2625
0.mp4,0,0.1693,2.0008
0.mp4,0,0.1414,1.9415
0.mp4,0,0.1789,1.9831
0.mp4,0,0.1488,1.988
0.mp4,0,0.1851,1.9788
0.mp4,0,0.1983,2.063
0.mp4,0,0.1941,1.9856
0.mp4,0,0.2029,1.8491
0.mp4,0,0.1914,1.9877
0.mp4,0,0.1985,1.9263
0.mp4,0,0.194,2.0412
0.mp4,0,0.1915,1.9443
0.mp4,0,0.1818,1.9802
0.mp4,0,0.1899,2.0367
0.mp4,0,0.1905,1.8536
0.mp4,0,0.1821,1.7422
0.mp4,0,0.1444,2.0563
0.mp4,0,0.1466,1.8695
0.mp4,0,0.2013,1.8023
0.mp4,0,0.2208,1.7996
0.mp4,0,0.1971,2.138
0.mp4,0,0.1898,2.0328
0.mp4,0,0.1826,2.0154
0.mp4,0,0.2129,2.0715
0.mp4,0,0.1879,2.1081
0.mp4,0,0.1819,2.109
0.mp4,0,0.1778,1.9239
0.mp4,0,0.1765,2.0883
0.mp4,0,0.1855,2.1982
0.mp4,0,0.171,2.093
0.mp4,0,0.1874,1.9573
0.mp4,0,0.1788,1.9303
0.mp4,0,0.1783,2.2043
0.mp4,0,0.1811,1.9918
0.mp4,0,0.1844,2.1294
0.mp4,0,0.1855,2.0012
0.mp4,0,0.1742,2.1583
0.mp4,0,0.1904,1.9789
0.mp4,0,0.1399,1.869
0.mp4,0,0.1637,1.7129
0.mp4,0,0.1835,1.7598
0.mp4,0,0.1861,1.5053
0.mp4,0,0.1811,1.6634
0.mp4,0,0.1647,1.9271
0.mp4,0,0.1375,2.0623
0.mp4,0,0.1748,1.8604
0.mp4,0,0.1707,1.8992
0.mp4,0,0.1788,1.9295
0.mp4,0,0.1568,1.9144
0.mp4,0,0.1636,1.8895
0.mp4,0,0.1751,1.7737
0.mp4,0,0.1788,1.9045
0.mp4,0,0.169,1.9519
0.mp4,0,0.1767,1.9636
0.mp4,0,0.1763,1.9143
0.mp4,0,0.1802,1.8691
0.mp4,0,0.1667,1.8833
0.mp4,0,0.1709,1.8754
0.mp4,0,0.1827,1.976
0.mp4,0,0.1822,1.8748
0.mp4,0,0.174,1.8626
0.mp4,0,0.1853,1.8422
0.mp4,0,0.1794,1.8473
0.mp4,0,0.177,1.9218
0.mp4,0,0.1672,1.8004
0.mp4,0,0.1697,1.7748
0.mp4,0,0.1815,1.719
0.mp4,0,0.1822,1.7777
0.mp4,0,0.196,1.6875
0.mp4,0,0.1921,1.8116
0.mp4,0,0.1952,1.8342
0.mp4,0,0.162,1.8892
0.mp4,0,0.1412,1.7847
5.mp4,5,0.5489,1.7081
5.mp4,5,0.5432,1.4878
5.mp4,5,0.5084,1.7581
5.mp4,5,0.5277,1.8656
5.mp4,5,0.5682,1.7471
5.mp4,5,0.5289,1.6827
5.mp4,5,0.5161,1.6871
5.mp4,5,0.5078,1.813
5.mp4,5,0.5663,1.7628
5.mp4,5,0.5124,1.8124
5.mp4,5,0.534,1.7246
5.mp4,5,0.3725,1.7825
5.mp4,5,0.5488,1.7854
5.mp4,5,0.5382,1.6956
5.mp4,5,0.5568,1.7902
5.mp4,5,0.4699,1.7141
5.mp4,5,0.5251,1.7736
5.mp4,5,0.5297,1.8054
5.mp4,5,0.5351,1.6867
5.mp4,5,0.5292,1.6018
5.mp4,5,0.5245,1.5392
5.mp4,5,0.57,1.6997
5.mp4,5,0.573,1.721
5.mp4,5,0.5383,1.5701
5.mp4,5,0.4907,1.5298
5.mp4,5,0.4642,1.5551
5.mp4,5,0.5098,1.7718
5.mp4,5,0.5529,1.673
5.mp4,5,0.5496,1.61
5.mp4,5,0.5714,1.6345
5.mp4,5,0.5273,1.8097
5.mp4,5,0.5483,1.7464
5.mp4,5,0.541,1.5029
5.mp4,5,0.5495,1.6118
5.mp4,5,0.5515,1.7329
5.mp4,5,0.4881,1.6407
5.mp4,5,0.5613,1.6881
5.mp4,5,0.5599,1.6317
5.mp4,5,0.5242,1.6146
5.mp4,5,0.5611,1.5991
5.mp4,5,0.5563,1.7184
5.mp4,5,0.5569,1.6741
5.mp4,5,0.545,1.4826
5.mp4,5,0.5502,1.5877
5.mp4,5,0.3771,1.7156
5.mp4,5,0.5447,1.4373
5.mp4,5,0.5653,1.6119
5.mp4,5,0.5246,1.5926
5.mp4,5,0.5498,1.5217
5.mp4,5,0.4962,1.7686
5.mp4,5,0.5184,1.8071
5.mp4,5,0.5545,1.9527
5.mp4,5,0.3596,1.6628
5.mp4,5,0.4989,1.9004
5.mp4,5,0.5432,1.5967
5.mp4,5,0.5279,1.6678
5.mp4,5,0.1068,1.826
5.mp4,5,0.5147,1.7201
5.mp4,5,0.5312,1.6226
5.mp4,5,0.5379,1.6513
5.mp4,5,0.2866,1.7366
5.mp4,5,0.5285,1.6561
5.mp4,5,0.5349,1.6285
5.mp4,5,0.5034,1.5011
5.mp4,5,0.5632,1.6162
5.mp4,5,0.5078,1.6606
5.mp4,5,0.5147,1.8748
5.mp4,5,0.4518,1.6293
5.mp4,5,0.5615,1.5798
5.mp4,5,0.5329,1.5292
5.mp4,5,0.5474,1.8021
5.mp4,5,0.5,1.9615
5.mp4,5,0.5033,1.644
5.mp4,5,0.4962,1.709
5.mp4,5,0.5008,1.7092
5.mp4,5,0.576,1.507
5.mp4,5,0.5002,1.8117
5.mp4,5,0.5461,1.643
5.mp4,5,0.5694,1.6976
5.mp4,5,0.5159,1.7714
5.mp4,5,0.5465,1.7367
5.mp4,5,0.2146,1.6148
5.mp4,5,0.5501,1.7157
5.mp4,5,0.5238,1.7337
5.mp4,5,0.5417,1.7459
5.mp4,5,0.4912,1.6807
5.mp4,5,0.3529,1.6658
5.mp4,5,0.4823,1.7481
5.mp4,5,0.4879,1.5211
5.mp4,5,0.4934,1.6621
5.mp4,5,0.2119,1.7519
5.mp4,5,0.5507,1.5509
5.mp4,5,0.5432,1.4749
5.mp4,5,0.5371,1.6861
5.mp4,5,0.1992,1.5169
5.mp4,5,0.5113,1.7686
5.mp4,5,0.5088,1.6925
5.mp4,5,0.559,1.5908
5.mp4,5,0.536,1.6886
5.mp4,5,0.529,1.641
5.mp4,5,0.5377,1.7019
5.mp4,5,0.5212,1.5808
5.mp4,5,0.536,1.6194
5.mp4,5,0.3723,1.5963
5.mp4,5,0.5425,1.7439
5.mp4,5,0.6305,2.0546
5.mp4,5,0.5518,1.9055
5.mp4,5,0.5744,1.9009
5.mp4,5,0.5474,1.8769
5.mp4,5,0.5851,1.633
5.mp4,5,0.5306,1.8972
5.mp4,5,0.5452,1.6129
5.mp4,5,0.5641,1.8763
5.mp4,5,0.5532,1.7638
5.mp4,5,0.5687,1.6667
5.mp4,5,0.1794,1.8174
5.mp4,5,0.5643,1.5698
5.mp4,5,0.5481,1.8153
5.mp4,5,0.5481,1.8709
5.mp4,5,0.5466,1.532
5.mp4,5,0.5339,1.6382
5.mp4,5,0.5272,1.7745
5.mp4,5,0.5452,1.8094
5.mp4,5,0.5234,1.5842
5.mp4,5,0.5649,1.7181
5.mp4,5,0.3035,1.8198
5.mp4,5,0.5457,1.758
5.mp4,5,0.5487,1.6992
5.mp4,5,0.5827,1.6019
5.mp4,5,0.5473,1.721
5.mp4,5,0.5877,1.6695
5.mp4,5,0.5864,1.5204
5.mp4,5,0.5595,1.6273
5.mp4,5,0.5702,1.7406
5.mp4,5,0.5902,1.757
5.mp4,5,0.379,1.8732
5.mp4,5,0.5334,1.9861
5.mp4,5,0.5023,1.621
5.mp4,5,0.5267,1.7119
5.mp4,5,0.523,1.6964
5.mp4,5,0.5733,1.6121
5.mp4,5,0.5485,1.8108
5.mp4,5,0.5709,1.5065
5.mp4,5,0.5528,1.6837
5.mp4,5,0.5444,1.6648
5.mp4,5,0.5919,1.6213
5.mp4,5,0.5168,1.7422
5.mp4,5,0.5295,1.6418
5.mp4,5,0.0897,1.7387
5.mp4,5,0.4836,1.6697
10.mp4,10,0.1146,1.4417
10.mp4,10,0.5269,1.4408
10.mp4,10,0.5039,1.3714
10.mp4,10,0.1344,1.4417
10.mp4,10,0.527,1.3055
10.mp4,10,0.4009,1.4432
10.mp4,10,0.494,1.4067
10.mp4,10,0.451,1.4447
10.mp4,10,0.5007,1.4561
10.mp4,10,0.29,1.395
10.mp4,10,0.5278,1.4834
10.mp4,10,0.5206,1.4303
10.mp4,10,0.5118,1.4645
10.mp4,10,0.5197,1.4205
10.mp4,10,0.4916,1.5545
10.mp4,10,0.4935,1.5401
10.mp4,10,0.5183,1.3915
10.mp4,10,0.494,1.3958
10.mp4,10,0.5027,1.3717
10.mp4,10,0.4854,1.4813
10.mp4,10,0.4667,1.3955
10.mp4,10,0.5153,1.4659
10.mp4,10,0.5148,1.4782
10.mp4,10,0.5228,1.3882
10.mp4,10,0.5127,1.4007
10.mp4,10,0.509,1.4383
10.mp4,10,0.5129,1.4732
10.mp4,10,0.4318,1.7156
10.mp4,10,0.488,1.3744
10.mp4,10,0.4192,1.4769
10.mp4,10,0.5263,1.4074
10.mp4,10,0.4997,1.4107
10.mp4,10,0.4907,1.4675
10.mp4,10,0.5228,1.3801
10.mp4,10,0.3924,1.543
10.mp4,10,0.4956,1.4689
10.mp4,10,0.5052,1.4265
10.mp4,10,0.4707,1.4118
10.mp4,10,0.508,1.2704
10.mp4,10,0.482,1.4628
10.mp4,10,0.5359,1.4014
10.mp4,10,0.5134,1.3587
10.mp4,10,0.5047,1.3762
10.mp4,10,0.5205,1.3758
10.mp4,10,0.5142,1.3734
10.mp4,10,0.2681,1.5125
10.mp4,10,0.5024,1.2732
10.mp4,10,0.4016,1.4098
10.mp4,10,0.5056,1.3083
10.mp4,10,0.4919,1.3723
10.mp4,10,0.4759,1.3491
10.mp4,10,0.4103,1.4073
10.mp4,10,0.4777,1.3709
10.mp4,10,0.4686,1.4173
10.mp4,10,0.4922,1.4578
10.mp4,10,0.2723,1.3628
10.mp4,10,0.5036,1.4503
10.mp4,10,0.2462,1.334
10.mp4,10,0.5049,1.4241
10.mp4,10,0.4822,1.4004
10.mp4,10,0.4717,1.4927
10.mp4,10,0.4631,1.3852
10.mp4,10,0.4809,1.4618
10.mp4,10,0.474,1.3898
10.mp4,10,0.5147,1.4947
10.mp4,10,0.4923,1.3217
10.mp4,10,0.5222,1.397
10.mp4,10,0.5481,1.4109
10.mp4,10,0.5187,1.4513
10.mp4,10,0.5349,1.5105
10.mp4,10,0.5221,1.5464
10.mp4,10,0.4188,1.5584
10.mp4,10,0.5241,1.4037
10.mp4,10,0.51,1.4973
10.mp4,10,0.5306,1.3897
10.mp4,10,0.5541,1.5139
10.mp4,10,0.5126,1.5254
10.mp4,10,0.5437,1.439
10.mp4,10,0.5132,1.4975
10.mp4,10,0.5295,1.5068
10.mp4,10,0.5209,1.4966
10.mp4,10,0.4396,1.4989
10.mp4,10,0.1123,1.3944
10.mp4,10,0.5003,1.477
10.mp4,10,0.478,1.4122
10.mp4,10,0.2189,1.3538
10.mp4,10,0.4936,1.3777
10.mp4,10,0.5114,1.4414
10.mp4,10,0.4878,1.3619
10.mp4,10,0.4348,1.4677
10.mp4,10,0.4981,1.3739
10.mp4,10,0.4583,1.3573
10.mp4,10,0.4572,1.4085
10.mp4,10,0.2906,1.4259
10.mp4,10,0.4866,1.3962
10.mp4,10,0.4792,1.4543
10.mp4,10,0.5322,1.4703
10.mp4,10,0.503,1.4498
10.mp4,10,0.5072,1.4499
10.mp4,10,0.5043,1.4479
10.mp4,10,0.3815,1.543
10.mp4,10,0.4829,1.4279
10.mp4,10,0.494,1.5316
10.mp4,10,0.4896,1.5446
10.mp4,10,0.4981,1.5264
10.mp4,10,0.47,1.4192
10.mp4,10,0.5355,1.3569
10.mp4,10,0.4269,1.4847
10.mp4,10,0.491,1.4756
10.mp4,10,0.5468,1.5051
10.mp4,10,0.4786,1.3938
10.mp4,10,0.4917,1.6371
10.mp4,10,0.5194,1.3276
10.mp4,10,0.5046,1.4379
10.mp4,10,0.4711,1.4086
10.mp4,10,0.5061,1.3837
10.mp4,10,0.5002,1.4385
10.mp4,10,0.5319,1.5762
10.mp4,10,0.4569,1.3647
10.mp4,10,0.4742,1.4445
10.mp4,10,0.5185,1.3833
10.mp4,10,0.5118,1.4478
10.mp4,10,0.5307,1.3695
10.mp4,10,0.3776,1.3867
10.mp4,10,0.5087,1.5201
10.mp4,10,0.4104,1.4901
10.mp4,10,0.4717,1.4531
10.mp4,10,0.5421,1.4612
10.mp4,10,0.5076,1.2831
10.mp4,10,0.4296,1.3872
10.mp4,10,0.4033,1.5242
10.mp4,10,0.4716,1.2937
10.mp4,10,0.4763,1.357
10.mp4,10,0.4198,1.455
10.mp4,10,0.5169,1.3487
10.mp4,10,0.5366,1.4221
10.mp4,10,0.5358,1.3632
10.mp4,10,0.5331,1.3649
10.mp4,10,0.5572,1.3146
10.mp4,10,0.5177,1.5146
10.mp4,10,0.522,1.5105
10.mp4,10,0.5555,1.4671
10.mp4,10,0.4769,1.4521
10.mp4,10,0.5548,1.4678
10.mp4,10,0.5295,1.4166
10.mp4,10,0.5174,1.3305
10.mp4,10,0.4826,1.5553
10.mp4,10,0.5471,1.3569
10.mp4,10,0.5161,1.5821
10.mp4,10,0.5527,1.375
10.mp4,10,0.5371,1.4379
10.mp4,10,0.5664,1.4539
10.mp4,10,0.5108,1.4338
0.mp4,0,0.554,1.7864
0.mp4,0,0.4916,1.945
0.mp4,0,0.2654,1.7862
0.mp4,0,0.5287,1.7183
0.mp4,0,0.5439,1.8115
0.mp4,0,0.5548,1.7365
0.mp4,0,0.4844,1.9126
0.mp4,0,0.5171,1.808
0.mp4,0,0.4636,1.6548
0.mp4,0,0.5381,2.0141
0.mp4,0,0.531,1.9463
0.mp4,0,0.5107,1.8602
0.mp4,0,0.5385,2.0242
0.mp4,0,0.4323,1.9387
0.mp4,0,0.5494,1.8792
0.mp4,0,0.5383,1.7762
0.mp4,0,0.5505,1.803
0.mp4,0,0.5448,2.0887
0.mp4,0,0.5326,1.7735
0.mp4,0,0.4853,2.0228
0.mp4,0,0.5517,1.7569
0.mp4,0,0.5454,1.8266
0.mp4,0,0.503,1.8415
0.mp4,0,0.5317,1.935
0.mp4,0,0.5151,1.8694
0.mp4,0,0.5013,2.1359
0.mp4,0,0.5215,1.7536
0.mp4,0,0.5292,2.4043
0.mp4,0,0.4978,2.094
0.mp4,0,0.3526,1.8109
0.mp4,0,0.54,1.9409
0.mp4,0,0.5252,1.8505
0.mp4,0,0.5349,2.1172
0.mp4,0,0.5382,2.5165
0.mp4,0,0.5592,1.9655
0.mp4,0,0.56,1.8752
0.mp4,0,0.5455,2.1992
0.mp4,0,0.4706,2.0158
0.mp4,0,0.5274,2.0637
0.mp4,0,0.4942,1.8982
0.mp4,0,0.5221,2.0076
0.mp4,0,0.5251,1.8539
0.mp4,0,0.5508,1.7645
0.mp4,0,0.5084,1.7636
0.mp4,0,0.5149,1.8021
0.mp4,0,0.5425,1.6968
0.mp4,0,0.5432,1.7249
0.mp4,0,0.4419,1.6183
0.mp4,0,0.5414,1.7887
0.mp4,0,0.4816,1.7407
0.mp4,0,0.5079,1.9736
0.mp4,0,0.5475,1.7235
0.mp4,0,0.5246,2.0956
0.mp4,0,0.5276,1.7767
0.mp4,0,0.5726,1.8813
0.mp4,0,0.5677,1.7245
0.mp4,0,0.5476,1.8989
0.mp4,0,0.5057,2.0442
0.mp4,0,0.5388,1.7917
0.mp4,0,0.4106,1.6147
0.mp4,0,0.5697,1.7906
0.mp4,0,0.4678,1.7672
0.mp4,0,0.5448,1.7149
0.mp4,0,0.5184,1.8334
0.mp4,0,0.5881,1.7603
0.mp4,0,0.5025,2.0893
0.mp4,0,0.536,1.8128
0.mp4,0,0.4003,1.9176
0.mp4,0,0.4539,1.9458
0.mp4,0,0.479,1.714
0.mp4,0,0.4622,1.8547
0.mp4,0,0.4576,1.9088
0.mp4,0,0.4013,2.1909
0.mp4,0,0.5137,2.1213
0.mp4,0,0.1837,1.5827
0.mp4,0,0.4986,2.1399
0.mp4,0,0.5176,2.1366
0.mp4,0,0.0677,2.107
0.mp4,0,0.5233,2.3092
0.mp4,0,0.4895,2.0384
0.mp4,0,0.5284,1.9078
0.mp4,0,0.5262,1.9547
0.mp4,0,0.5409,1.9439
0.mp4,0,0.5496,1.9341
0.mp4,0,0.5079,2.2677
0.mp4,0,0.5417,1.8915
0.mp4,0,0.524,1.6698
0.mp4,0,0.5079,1.753
0.mp4,0,0.5144,1.9736
0.mp4,0,0.4588,2.041
0.mp4,0,0.541,1.8865
0.mp4,0,0.3783,1.7713
0.mp4,0,0.5274,1.7776
0.mp4,0,0.3698,1.8506
0.mp4,0,0.4886,1.757
0.mp4,0,0.3184,1.8268
0.mp4,0,0.4846,1.8041
0.mp4,0,0.5502,1.7303
0.mp4,0,0.4329,1.8384
0.mp4,0,0.3877,1.9915
0.mp4,0,0.4488,1.7226
0.mp4,0,0.5243,2.5913
0.mp4,0,0.4951,1.9779
0.mp4,0,0.5372,1.661
0.mp4,0,0.5254,2.0215
0.mp4,0,0.4945,1.7138
0.mp4,0,0.5023,1.7753
0.mp4,0,0.5462,1.9198
0.mp4,0,0.4801,1.7876
0.mp4,0,0.5067,1.9268
0.mp4,0,0.5608,1.9276
0.mp4,0,0.4694,1.9048
0.mp4,0,0.5245,1.642
0.mp4,0,0.5379,1.7704
0.mp4,0,0.5244,1.8174
0.mp4,0,0.5302,1.7421
0.mp4,0,0.5398,1.7904
0.mp4,0,0.5352,1.9012
0.mp4,0,0.5237,1.8062
0.mp4,0,0.5343,1.6887
0.mp4,0,0.4866,1.7169
0.mp4,0,0.4788,1.7983
0.mp4,0,0.5217,2.0149
0.mp4,0,0.3782,1.6545
0.mp4,0,0.5029,1.6349
0.mp4,0,0.5419,1.9876
0.mp4,0,0.4601,1.8965
0.mp4,0,0.5357,2.2859
5.mp4,5,0.1789,1.6168
5.mp4,5,0.1713,1.5707
5.mp4,5,0.1605,1.607
5.mp4,5,0.1456,1.6878
5.mp4,5,0.1454,1.1729
5.mp4,5,0.1608,1.2912
5.mp4,5,0.1765,2.0394
5.mp4,5,0.1758,1.6553
5.mp4,5,0.1498,1.6146
5.mp4,5,0.1827,1.3493
5.mp4,5,0.1624,1.5793
5.mp4,5,0.1688,1.4659
5.mp4,5,0.1719,1.2063
5.mp4,5,0.1737,1.438
5.mp4,5,0.1823,1.3445
5.mp4,5,0.1903,1.4931
5.mp4,5,0.1961,1.4598
5.mp4,5,0.2212,1.3456
5.mp4,5,0.1443,1.0721
5.mp4,5,0.1638,1.0818
5.mp4,5,0.139,1.1377
5.mp4,5,0.1531,1.2565
5.mp4,5,0.0945,1.4241
5.mp4,5,0.2027,2.1122
5.mp4,5,0.0826,1.4522
5.mp4,5,0.1696,2.0493
5.mp4,5,0.1609,1.5886
5.mp4,5,0.2076,1.6192
5.mp4,5,0.1437,1.4188
5.mp4,5,0.1212,1.3498
5.mp4,5,0.0694,1.4454
5.mp4,5,0.1523,1.5227
5.mp4,5,0.1558,1.4878
5.mp4,5,0.1043,1.4446
5.mp4,5,0.156,1.5245
5.mp4,5,0.174,1.489
5.mp4,5,0.1644,1.5143
5.mp4,5,0.1661,1.4764
5.mp4,5,0.1745,1.451
5.mp4,5,0.1676,1.5578
5.mp4,5,0.1671,1.5711
5.mp4,5,0.1574,1.4838
5.mp4,5,0.1689,1.6382
5.mp4,5,0.1719,1.7304
5.mp4,5,0.1703,1.8108
5.mp4,5,0.1749,1.9282
5.mp4,5,0.1778,1.6992
5.mp4,5,0.169,1.7404
5.mp4,5,0.1652,2.0354
5.mp4,5,0.1696,1.6046
5.mp4,5,0.1075,1.5304
5.mp4,5,0.1925,1.5498
5.mp4,5,0.1571,2.1462
5.mp4,5,0.1558,1.406
5.mp4,5,0.1646,1.0752
5.mp4,5,0.1631,1.2415
5.mp4,5,0.1759,1.3099
5.mp4,5,0.1871,1.3495
5.mp4,5,0.1694,1.4287
5.mp4,5,0.1623,1.2365
5.mp4,5,0.1697,1.4352
5.mp4,5,0.173,1.4199
5.mp4,5,0.1252,1.5471
5.mp4,5,0.1751,1.5277
5.mp4,5,0.0998,1.5752
5.mp4,5,0.2189,2.0087
5.mp4,5,0.111,1.62
5.mp4,5,0.1398,1.7918
5.mp4,5,0.1494,1.6996
5.mp4,5,0.1461,1.5839
5.mp4,5,0.0732,1.5888
5.mp4,5,0.1599,1.7409
5.mp4,5,0.1267,1.6838
5.mp4,5,0.1696,1.6459
5.mp4,5,0.1822,1.5563
5.mp4,5,0.1699,1.6103
5.mp4,5,0.1642,1.6132
5.mp4,5,0.1603,1.6002
5.mp4,5,0.388,2.5954
5.mp4,5,0.1659,1.2245
5.mp4,5,0.1552,1.3279
5.mp4,5,0.1558,1.4479
5.mp4,5,0.1841,1.4089
5.mp4,5,0.1995,1.3299
5.mp4,5,0.2027,1.3662
5.mp4,5,0.2027,1.3071
5.mp4,5,0.216,1.4378
5.mp4,5,0.1999,1.3761
5.mp4,5,0.1896,1.3677
5.mp4,5,0.1911,1.3666
5.mp4,5,0.2107,1.3911
5.mp4,5,0.1737,1.3988
5.mp4,5,0.1787,1.3588
5.mp4,5,0.1641,1.4833
5.mp4,5,0.1687,1.6854
5.mp4,5,0.1511,1.788
5.mp4,5,0.0982,1.7571
5.mp4,5,0.0989,1.7315
5.mp4,5,0.0879,1.8245
5.mp4,5,0.1687,1.804
5.mp4,5,0.163,1.6913
5.mp4,5,0.1467,1.5665
5.mp4,5,0.1865,1.5978
5.mp4,5,0.1847,1.5794
5.mp4,5,0.1773,1.5351
5.mp4,5,0.1819,1.5725
5.mp4,5,0.1714,1.555
5.mp4,5,0.1152,1.506
5.mp4,5,0.1819,1.5845
5.mp4,5,0.1833,1.5817
5.mp4,5,0.158,1.3469
5.mp4,5,0.1045,1.2685
5.mp4,5,0.1653,1.2144
5.mp4,5,0.1725,1.2714
5.mp4,5,0.1606,1.2505
5.mp4,5,0.1587,1.6127
5.mp4,5,0.1601,2.6502
5.mp4,5,0.1593,1.9763
5.mp4,5,0.168,2.1771
5.mp4,5,0.1719,2.1022
5.mp4,5,0.1711,1.7768
5.mp4,5,0.1617,1.8964
5.mp4,5,0.1001,1.7766
5.mp4,5,0.1798,1.9658
5.mp4,5,0.1877,2.0262
5.mp4,5,0.1792,2.1504
5.mp4,5,0.1847,2.0399
5.mp4,5,0.1663,2.112
5.mp4,5,0.1627,2.081
5.mp4,5,0.1646,2.1701
5.mp4,5,0.1709,2.0967
5.mp4,5,0.1747,2.1315
5.mp4,5,0.1752,2.1618
5.mp4,5,0.1899,1.9087
5.mp4,5,0.17,2.037
5.mp4,5,0.1565,2.1718
5.mp4,5,0.1798,2.1601
5.mp4,5,0.1329,2.0383
5.mp4,5,0.1984,2.1607
5.mp4,5,0.0943,2.1223
5.mp4,5,0.147,2.1685
5.mp4,5,0.183,2.111
5.mp4,5,0.0861,2.1955
5.mp4,5,0.1595,2.261
5.mp4,5,0.1947,2.269
5.mp4,5,0.1496,1.9851
5.mp4,5,0.1866,2.4227
5.mp4,5,0.1816,2.5412
5.mp4,5,0.1713,2.3776
5.mp4,5,0.1796,2.4733
5.mp4,5,0.1878,2.4223
5.mp4,5,0.2203,2.5418
5.mp4,5,0.1912,2.5795
5.mp4,5,0.1922,2.2359
5.mp4,5,0.1835,2.3261
5.mp4,5,0.1912,2.3001
5.mp4,5,0.1936,2.3323
5.mp4,5,0.181,2.3291
5.mp4,5,0.1778,2.3097
5.mp4,5,0.1723,2.2118
5.mp4,5,0.1847,2.0759
5.mp4,5,0.1725,1.9476
5.mp4,5,0.1656,2.0117
5.mp4,5,0.1604,1.9108
5.mp4,5,0.1697,2.0774
5.mp4,5,0.1997,2.082
5.mp4,5,0.1685,2.027
5.mp4,5,0.1134,2.0921
5.mp4,5,0.2039,2.3369
5.mp4,5,0.1981,2.4004
5.mp4,5,0.1938,2.3734
5.mp4,5,0.1722,2.4338
5.mp4,5,0.1801,2.345
5.mp4,5,0.182,2.34
5.mp4,5,0.1857,2.1976
5.mp4,5,0.1718,2.2852
5.mp4,5,0.1698,2.2107
5.mp4,5,0.1759,2.3928
5.mp4,5,0.1819,2.3965
5.mp4,5,0.0966,2.5967
5.mp4,5,0.1823,2.4996
5.mp4,5,0.1888,2.3833
5.mp4,5,0.172,2.2986
5.mp4,5,0.1672,2.2141
5.mp4,5,0.1985,1.923
5.mp4,5,0.0982,2.2287
5.mp4,5,0.1664,1.891
5.mp4,5,0.1617,1.777
5.mp4,5,0.1598,2.0296
5.mp4,5,0.1526,1.9723
5.mp4,5,0.1667,1.9762
5.mp4,5,0.1906,2.1035
5.mp4,5,0.1999,2.0726
5.mp4,5,0.2067,2.0798
5.mp4,5,0.1774,2.0171
5.mp4,5,0.1881,2.2105
5.mp4,5,0.196,2.3512
5.mp4,5,0.2091,2.2178
5.mp4,5,0.2034,2.3151
5.mp4,5,0.2225,2.2242
5.mp4,5,0.1963,2.3316
5.mp4,5,0.1917,2.2954
5.mp4,5,0.1947,2.2072
5.mp4,5,0.1876,2.2202
5.mp4,5,0.1731,2.2712
5.mp4,5,0.2064,2.1897
5.mp4,5,0.1915,2.2748
5.mp4,5,0.1768,2.4161
5.mp4,5,0.1571,1.8296
5.mp4,5,0.1691,1.8092
5.mp4,5,0.1636,2.1961
5.mp4,5,0.169,2.0095
5.mp4,5,0.168,1.8018
5.mp4,5,0.1787,1.8921
5.mp4,5,0.1531,2.0499
5.mp4,5,0.1841,2.1207
5.mp4,5,0.1754,2.115
5.mp4,5,0.175,2.038
5.mp4,5,0.1598,1.6174
5.mp4,5,0.1579,1.6071
5.mp4,5,0.1529,1.6448
5.mp4,5,0.162,1.6258
5.mp4,5,0.1789,1.9816
5.mp4,5,0.1822,2.3391
5.mp4,5,0.1979,1.9415
5.mp4,5,0.2008,1.6902
5.mp4,5,0.1823,1.7003
5.mp4,5,0.1788,1.7022
5.mp4,5,0.1322,1.74
5.mp4,5,0.1808,1.7159
5.mp4,5,0.1752,1.7482
5.mp4,5,0.1126,1.7511
5.mp4,5,0.167,1.7452
5.mp4,5,0.107,2.7096
5.mp4,5,0.1876,2.5544
5.mp4,5,0.1895,2.4427
5.mp4,5,0.1918,2.5734
5.mp4,5,0.1536,2.6151
5.mp4,5,0.1937,2.5774
5.mp4,5,0.1976,2.4587
5.mp4,5,0.1885,2.5611
5.mp4,5,0.1794,2.5743
5.mp4,5,0.1693,2.51
5.mp4,5,0.1746,2.5798
5.mp4,5,0.1547,2.3996
5.mp4,5,0.1746,2.5083
5.mp4,5,0.189,2.4725
5.mp4,5,0.1902,2.3362
5.mp4,5,0.1832,2.4413
5.mp4,5,0.179,2.3881
5.mp4,5,0.1696,2.4369
5.mp4,5,0.1848,2.1332
5.mp4,5,0.1911,2.248
5.mp4,5,0.197,2.101
5.mp4,5,0.18,2.2387
5.mp4,5,0.1852,2.2644
5.mp4,5,0.198,2.154
5.mp4,5,0.187,2.2201
5.mp4,5,0.1844,2.2562
5.mp4,5,0.1714,2.2952
5.mp4,5,0.1868,2.1637
5.mp4,5,0.1932,2.199
5.mp4,5,0.1849,2.2682
5.mp4,5,0.1777,2.4441
5.mp4,5,0.1856,2.3982
5.mp4,5,0.1714,2.4366
5.mp4,5,0.1914,2.4209
5.mp4,5,0.1617,2.4054
5.mp4,5,0.1582,2.6509
5.mp4,5,0.1646,2.4736
5.mp4,5,0.1781,2.4711
5.mp4,5,0.1796,2.5337
5.mp4,5,0.1787,2.5187
5.mp4,5,0.1823,2.438
5.mp4,5,0.1817,2.0849
5.mp4,5,0.1853,2.1442
5.mp4,5,0.1971,2.2276
5.mp4,5,0.2111,2.2603
5.mp4,5,0.1811,2.1959
5.mp4,5,0.1979,2.1842
5.mp4,5,0.1915,2.3286
5.mp4,5,0.1797,2.2703
5.mp4,5,0.2073,2.3521
5.mp4,5,0.1817,2.3854
5.mp4,5,0.1679,2.0074
5.mp4,5,0.1666,2.1305
5.mp4,5,0.1687,2.2233
5.mp4,5,0.1519,2.0826
5.mp4,5,0.1494,2.2115
5.mp4,5,0.1459,1.9703
5.mp4,5,0.1683,1.9594
5.mp4,5,0.1682,1.9842
5.mp4,5,0.1686,2.0239
5.mp4,5,0.1634,1.9916
5.mp4,5,0.1514,2.07
5.mp4,5,0.1685,1.9449
5.mp4,5,0.1619,1.9049
5.mp4,5,0.2003,1.8942
10.mp4,10,0.1121,1.8097
10.mp4,10,0.0961,1.9434
10.mp4,10,0.1425,1.6608
10.mp4,10,0.1067,1.6871
10.mp4,10,0.1346,1.7239
10.mp4,10,0.1301,1.6742
10.mp4,10,0.0753,1.6361
10.mp4,10,0.1494,1.6465
10.mp4,10,0.1504,1.6989
10.mp4,10,0.1326,1.7246
10.mp4,10,0.1442,1.7453
10.mp4,10,0.1162,1.6821
10.mp4,10,0.1554,1.6937
10.mp4,10,0.1404,1.6629
10.mp4,10,0.0498,1.7153
10.mp4,10,0.131,1.6703
10.mp4,10,0.1495,1.6228
10.mp4,10,0.1729,1.0902
10.mp4,10,0.1007,1.667
10.mp4,10,0.1186,1.6308
10.mp4,10,0.1318,1.7275
10.mp4,10,0.0723,1.6499
10.mp4,10,0.1401,1.6724
10.mp4,10,0.0827,1.6404
10.mp4,10,0.053,1.7002
10.mp4,10,0.144,1.5901
10.mp4,10,0.1517,1.6461
10.mp4,10,0.1539,1.6902
10.mp4,10,0.1499,1.6779
10.mp4,10,0.1433,1.663
10.mp4,10,0.177,1.6673
10.mp4,10,0.1843,1.6738
10.mp4,10,0.1532,1.7137
10.mp4,10,0.1477,1.7142
10.mp4,10,0.176,1.7273
10.mp4,10,0.0929,1.9018
10.mp4,10,0.0962,1.7052
10.mp4,10,0.1751,2.0394
10.mp4,10,0.1603,1.516
10.mp4,10,0.1728,1.7848
10.mp4,10,0.1321,2.8577
10.mp4,10,0.1267,1.8472
10.mp4,10,0.154,1.856
10.mp4,10,0.1501,1.7359
10.mp4,10,0.1325,1.8909
10.mp4,10,0.1224,1.6511
10.mp4,10,0.1509,1.4757
10.mp4,10,0.1155,2.3434
10.mp4,10,0.189,2.3401
10.mp4,10,0.3953,2.673
10.mp4,10,0.135,1.773
10.mp4,10,0.134,1.5972
10.mp4,10,0.1424,1.437
10.mp4,10,0.1542,1.5251
10.mp4,10,0.1285,1.6167
10.mp4,10,0.1392,1.6792
10.mp4,10,0.1213,1.6824
10.mp4,10,0.1318,1.5946
10.mp4,10,0.0716,1.3641
10.mp4,10,0.1791,1.4533
10.mp4,10,0.2757,2.513
10.mp4,10,0.1122,1.7471
10.mp4,10,0.1188,1.7896
10.mp4,10,0.1853,1.6079
10.mp4,10,0.1368,1.6731
10.mp4,10,0.1461,1.6511
10.mp4,10,0.1469,1.7184
10.mp4,10,0.1563,1.5004
10.mp4,10,0.1288,1.5991
10.mp4,10,0.1602,1.5732
10.mp4,10,0.1393,1.6285
10.mp4,10,0.1524,1.6614
10.mp4,10,0.0775,1.6207
10.mp4,10,0.1342,1.7126
10.mp4,10,0.1337,1.4586
10.mp4,10,0.1326,1.324
10.mp4,10,0.1579,1.5697
10.mp4,10,0.1443,1.6037
10.mp4,10,0.1604,1.6331
10.mp4,10,0.1477,1.6415
10.mp4,10,0.169,1.49
10.mp4,10,0.1439,1.6123
10.mp4,10,0.1093,1.5739
10.mp4,10,0.1648,1.7219
10.mp4,10,0.1675,1.9099
10.mp4,10,0.1624,1.6573
10.mp4,10,0.1422,1.318
10.mp4,10,0.1618,1.5931
10.mp4,10,0.1495,1.6498
10.mp4,10,0.1508,1.623
10.mp4,10,0.1622,1.6528
10.mp4,10,0.1359,1.7267
10.mp4,10,0.1545,1.6868
10.mp4,10,0.1435,1.6742
10.mp4,10,0.1243,1.6234
10.mp4,10,0.1089,1.6285
10.mp4,10,0.1539,1.6927
10.mp4,10,0.124,1.6206
10.mp4,10,0.1497,1.6367
10.mp4,10,0.142,1.7146
10.mp4,10,0.1402,1.626
10.mp4,10,0.132,1.7203
10.mp4,10,0.159,1.73
10.mp4,10,0.1301,1.7453
10.mp4,10,0.156,1.7559
10.mp4,10,0.1314,1.7402
10.mp4,10,0.1813,1.6406
10.mp4,10,0.1527,1.9445
10.mp4,10,0.1537,1.6716
10.mp4,10,0.1678,1.6501
10.mp4,10,0.1827,1.7935
10.mp4,10,0.1814,1.6658
10.mp4,10,0.1733,1.5567
10.mp4,10,0.132,1.5823
10.mp4,10,0.1375,1.6605
10.mp4,10,0.0871,1.5749
10.mp4,10,0.1528,1.6576
10.mp4,10,0.147,1.5905
10.mp4,10,0.1551,1.7152
10.mp4,10,0.1524,1.7532
10.mp4,10,0.0823,1.7092
10.mp4,10,0.1541,1.7216
10.mp4,10,0.1521,1.7351
10.mp4,10,0.126,1.7319
10.mp4,10,0.148,1.6349
10.mp4,10,0.1542,1.5619
10.mp4,10,0.152,1.6138
10.mp4,10,0.113,1.6687
10.mp4,10,0.1489,1.708
10.mp4,10,0.1475,1.5972
10.mp4,10,0.1068,1.6205
10.mp4,10,0.1554,1.7147
10.mp4,10,0.0989,1.6719
10.mp4,10,0.1567,1.6559
10.mp4,10,0.1522,1.6997
10.mp4,10,0.1318,1.7188
10.mp4,10,0.1482,1.6827
10.mp4,10,0.0708,1.6633
10.mp4,10,0.1454,1.8151
10.mp4,10,0.0924,1.7344
10.mp4,10,0.1384,1.6365
10.mp4,10,0.1516,1.7895
10.mp4,10,0.0896,1.8366
10.mp4,10,0.1092,1.6311
10.mp4,10,0.1449,1.6742
10.mp4,10,0.1111,1.6171
10.mp4,10,0.1118,1.5716
10.mp4,10,0.16,1.6063
10.mp4,10,0.0901,1.6553
10.mp4,10,0.1191,1.5682
10.mp4,10,0.1321,1.5907
10.mp4,10,0.1005,1.5768
10.mp4,10,0.1035,1.548
10.mp4,10,0.1178,1.6244
10.mp4,10,0.1122,1.7043
10.mp4,10,0.1109,1.6438
10.mp4,10,0.113,1.6075
10.mp4,10,0.161,1.7153
10.mp4,10,0.1658,1.6738
10.mp4,10,0.0725,1.2763
10.mp4,10,0.1531,1.767
10.mp4,10,0.1368,1.7089
10.mp4,10,0.1028,1.6293
10.mp4,10,0.083,1.4801
10.mp4,10,0.1745,1.5589
10.mp4,10,0.165,1.663
10.mp4,10,0.1322,1.7575
10.mp4,10,0.1358,1.7968
10.mp4,10,0.1485,1.8315
10.mp4,10,0.1252,1.5956
10.mp4,10,0.1215,1.6418
10.mp4,10,0.1267,1.6116
10.mp4,10,0.1523,1.6607
10.mp4,10,0.0857,1.6166
10.mp4,10,0.0901,1.589
10.mp4,10,0.1165,1.5247
10.mp4,10,0.0893,1.5538
10.mp4,10,0.1389,1.5147
10.mp4,10,0.1866,1.5409
10.mp4,10,0.1587,1.4439
10.mp4,10,0.1824,1.5251
10.mp4,10,0.1755,1.579
10.mp4,10,0.1448,1.5345
10.mp4,10,0.1638,1.5971
10.mp4,10,0.1412,1.5715
10.mp4,10,0.1714,1.5399
10.mp4,10,0.1616,1.5564
10.mp4,10,0.0928,1.5454
10.mp4,10,0.1526,1.5334
10.mp4,10,0.115,1.591
10.mp4,10,0.1066,1.5828
10.mp4,10,0.0982,1.4812
10.mp4,10,0.1223,1.5034
10.mp4,10,0.1733,1.3343
10.mp4,10,0.1887,1.3471
10.mp4,10,0.1817,1.4068
10.mp4,10,0.1935,1.6317
10.mp4,10,0.1024,1.6375
10.mp4,10,0.1717,1.6618
10.mp4,10,0.1701,1.6354
10.mp4,10,0.1698,1.4898
10.mp4,10,0.146,1.461
10.mp4,10,0.1556,1.5791
10.mp4,10,0.1688,1.4637
10.mp4,10,0.1683,1.4551
10.mp4,10,0.1768,1.4966
10.mp4,10,0.1675,1.4318
10.mp4,10,0.0908,1.4213
10.mp4,10,0.1607,1.4284
10.mp4,10,0.1775,1.4349
10.mp4,10,0.2451,1.4799
10.mp4,10,0.1002,1.563
10.mp4,10,0.0845,1.5317
10.mp4,10,0.1549,1.6579
10.mp4,10,0.179,1.4261
10.mp4,10,0.1468,1.5259
10.mp4,10,0.1511,1.6145
10.mp4,10,0.1817,1.6613
10.mp4,10,0.1967,1.6462
10.mp4,10,0.1867,1.8187
10.mp4,10,0.1818,1.4704
10.mp4,10,0.1931,1.2938
10.mp4,10,0.1554,1.4515
10.mp4,10,0.1581,1.5793
10.mp4,10,0.086,1.6023
10.mp4,10,0.1616,1.7029
10.mp4,10,0.1235,1.6198
10.mp4,10,0.1593,1.5245
10.mp4,10,0.1527,1.6066
10.mp4,10,0.1428,1.5823
10.mp4,10,0.1358,1.9606
10.mp4,10,0.1279,1.7268
10.mp4,10,0.1642,1.2692
10.mp4,10,0.1377,1.515
10.mp4,10,0.1058,1.4228
10.mp4,10,0.0958,1.4349
10.mp4,10,0.1306,1.4618
10.mp4,10,0.1457,1.4216
10.mp4,10,0.1365,1.381
10.mp4,10,0.1194,1.3134
10.mp4,10,0.1468,1.6476
10.mp4,10,0.1628,1.6255
10.mp4,10,0.1571,1.4778
10.mp4,10,0.1187,1.396
10.mp4,10,0.1577,1.4332
10.mp4,10,0.1613,1.3611
10.mp4,10,0.1078,1.629
10.mp4,10,0.1548,1.5223
10.mp4,10,0.1465,1.3675
10.mp4,10,0.1535,1.4687
10.mp4,10,0.1444,1.4724
10.mp4,10,0.145,1.5703
10.mp4,10,0.1366,1.5068
10.mp4,10,0.1277,1.4439
10.mp4,10,0.1751,1.8592
10.mp4,10,0.1566,1.5741
10.mp4,10,0.1253,1.5261
10.mp4,10,0.1597,1.7519
10.mp4,10,0.15,1.6483
10.mp4,10,0.1388,1.7003
10.mp4,10,0.1071,1.6238
10.mp4,10,0.1446,1.7066
10.mp4,10,0.122,1.6875
10.mp4,10,0.1523,1.6327
10.mp4,10,0.124,1.6732
10.mp4,10,0.1505,1.6742
10.mp4,10,0.1481,1.6518
10.mp4,10,0.1453,1.6553
10.mp4,10,0.1403,1.6823
10.mp4,10,0.1453,1.6808
10.mp4,10,0.1711,1.6547
10.mp4,10,0.138,1.5512
10.mp4,10,0.1648,1.2908
10.mp4,10,0.169,1.3564
10.mp4,10,0.2125,1.6036
10.mp4,10,0.2201,1.5009
10.mp4,10,0.2097,1.602
10.mp4,10,0.1572,1.1527
10.mp4,10,0.1711,1.6587
10.mp4,10,0.1469,1.799
10.mp4,10,0.1525,1.5501
10.mp4,10,0.1203,1.7471
10.mp4,10,0.1227,1.7102
10.mp4,10,0.1274,1.4209
10.mp4,10,0.1185,1.5102
10.mp4,10,0.1337,1.4854
10.mp4,10,0.1928,1.761
10.mp4,10,0.1127,1.7325
10.mp4,10,0.1336,1.7231
10.mp4,10,0.2043,1.6755
10.mp4,10,0.1313,1.7491
10.mp4,10,0.1973,1.6893
10.mp4,10,0.1861,1.8437
10.mp4,10,0.1716,1.6249
10.mp4,10,0.1751,1.7895
10.mp4,10,0.1143,1.7705
10.mp4,10,0.0816,1.7121
10.mp4,10,0.1515,1.725
10.mp4,10,0.1353,1.6445
0.mp4,0,0.1545,2.0983
0.mp4,0,0.1726,1.7912
0.mp4,0,0.1683,1.6358
0.mp4,0,0.1596,1.6751
0.mp4,0,0.1728,1.7178
0.mp4,0,0.1584,1.8859
0.mp4,0,0.1864,1.7664
0.mp4,0,0.1546,1.6435
0.mp4,0,0.1579,1.5976
0.mp4,0,0.1689,1.8188
0.mp4,0,0.1864,1.7296
0.mp4,0,0.1663,1.7781
0.mp4,0,0.1657,1.9531
0.mp4,0,0.1544,1.7373
0.mp4,0,0.1705,1.5513
0.mp4,0,0.1663,1.5826
0.mp4,0,0.1874,1.6103
0.mp4,0,0.1804,1.6189
0.mp4,0,0.1607,1.739
0.mp4,0,0.1702,2.0931
0.mp4,0,0.1607,1.9548
0.mp4,0,0.1647,1.7068
0.mp4,0,0.1903,2.099
0.mp4,0,0.1522,1.5523
0.mp4,0,0.1669,1.8346
0.mp4,0,0.1888,1.9165
0.mp4,0,0.1695,1.9091
0.mp4,0,0.159,1.832
0.mp4,0,0.1817,1.8292
0.mp4,0,0.1668,1.928
0.mp4,0,0.1673,1.9226
0.mp4,0,0.1789,1.7735
0.mp4,0,0.1603,1.8278
0.mp4,0,0.1337,1.6688
0.mp4,0,0.16,2.5659
0.mp4,0,0.1982,2.6873
0.mp4,0,0.1574,1.9796
0.mp4,0,0.1585,1.9241
0.mp4,0,0.1656,1.9071
0.mp4,0,0.14,1.8211
0.mp4,0,0.1608,1.8024
0.mp4,0,0.1794,1.7229
0.mp4,0,0.1729,1.7131
0.mp4,0,0.1724,1.6765
0.mp4,0,0.1659,1.7492
0.mp4,0,0.1675,1.819
0.mp4,0,0.1723,1.8406
0.mp4,0,0.1687,2.8684
0.mp4,0,0.1833,2.2451
0.mp4,0,0.1806,2.2074
0.mp4,0,0.1755,2.0576
0.mp4,0,0.158,1.7129
0.mp4,0,0.1891,1.6813
0.mp4,0,0.1887,1.7563
0.mp4,0,0.1749,1.6993
0.mp4,0,0.192,1.6174
0.mp4,0,0.1843,1.5381
0.mp4,0,0.1745,1.5442
0.mp4,0,0.1759,1.5229
0.mp4,0,0.1678,1.4686
0.mp4,0,0.1776,1.5399
0.mp4,0,0.1647,1.614
0.mp4,0,0.1765,1.5948
0.mp4,0,0.1476,1.6448
0.mp4,0,0.1626,1.5862
0.mp4,0,0.1588,1.5981
0.mp4,0,0.1747,1.5951
0.mp4,0,0.1691,1.6105
0.mp4,0,0.1702,1.587
0.mp4,0,0.1743,1.573
0.mp4,0,0.1827,1.6084
0.mp4,0,0.1618,1.5784
0.mp4,0,0.1617,1.5485
0.mp4,0,0.1675,1.9333
0.mp4,0,0.154,1.7434
0.mp4,0,0.1651,1.6658
0.mp4,0,0.1721,1.6052
0.mp4,0,0.1601,1.6823
0.mp4,0,0.173,1.6552
0.mp4,0,0.1636,1.6676
0.mp4,0,0.1781,1.6256
0.mp4,0,0.1608,1.7167
0.mp4,0,0.155,1.579
0.mp4,0,0.1611,1.5874
0.mp4,0,0.1808,1.5487
0.mp4,0,0.1699,1.5908
0.mp4,0,0.1692,1.7538
0.mp4,0,0.1807,1.7003
0.mp4,0,0.1853,1.5795
0.mp4,0,0.192,1.6282
0.mp4,0,0.1622,1.8708
0.mp4,0,0.1713,1.4445
0.mp4,0,0.1616,1.6913
0.mp4,0,0.1727,3.3424
0.mp4,0,0.1643,1.7026
0.mp4,0,0.1669,1.6605
0.mp4,0,0.1704,1.6698
0.mp4,0,0.1572,1.6979
0.mp4,0,0.1504,1.669
0.mp4,0,0.1655,1.5485
0.mp4,0,0.1812,1.5494
0.mp4,0,0.1419,1.49
0.mp4,0,0.174,1.6724
0.mp4,0,0.1849,1.6628
0.mp4,0,0.2008,1.5367
0.mp4,0,0.1847,1.6535
0.mp4,0,0.1792,1.9088
0.mp4,0,0.1853,1.8773
0.mp4,0,0.1927,1.8889
0.mp4,0,0.1877,2.0702
0.mp4,0,0.1811,1.8899
0.mp4,0,0.1969,1.9807
0.mp4,0,0.1842,2.0868
0.mp4,0,0.1861,1.9962
0.mp4,0,0.1846,1.8402
0.mp4,0,0.1944,1.898
0.mp4,0,0.1874,1.9417
0.mp4,0,0.1826,1.9627
0.mp4,0,0.189,2.0902
0.mp4,0,0.1884,2.1377
0.mp4,0,0.1769,2.0027
0.mp4,0,0.1948,1.9491
0.mp4,0,0.1835,2.0269
0.mp4,0,0.1831,2.0114
0.mp4,0,0.1827,2.0517
0.mp4,0,0.1614,1.7907
0.mp4,0,0.1733,1.8712
0.mp4,0,0.1794,1.8303
0.mp4,0,0.1943,1.5914
0.mp4,0,0.1692,1.7439
0.mp4,0,0.1732,1.7893
0.mp4,0,0.1665,1.6906
0.mp4,0,0.159,1.7955
0.mp4,0,0.1258,1.7586
0.mp4,0,0.1749,1.9655
0.mp4,0,0.1631,1.8795
0.mp4,0,0.1196,1.7492
0.mp4,0,0.1429,1.6625
0.mp4,0,0.162,1.6339
0.mp4,0,0.1664,1.6505
0.mp4,0,0.1556,1.7093
0.mp4,0,0.071,1.6135
0.mp4,0,0.1543,1.3817
0.mp4,0,0.169,2.517
0.mp4,0,0.2275,1.7956
0.mp4,0,0.1847,1.8022
0.mp4,0,0.1772,1.6259
0.mp4,0,0.1779,1.7819
0.mp4,0,0.1674,1.7575
0.mp4,0,0.1669,1.7415
0.mp4,0,0.1614,1.8428
0.mp4,0,0.1657,1.8052
0.mp4,0,0.1219,1.6309
0.mp4,0,0.1714,1.6502
0.mp4,0,0.1791,1.71
0.mp4,0,0.2252,1.6585
0.mp4,0,0.1891,1.5889
0.mp4,0,0.1043,1.6209
0.mp4,0,0.1787,1.6057
0.mp4,0,0.1534,1.5466
0.mp4,0,0.1876,1.6065
0.mp4,0,0.1768,1.5734
0.mp4,0,0.1622,1.612
0.mp4,0,0.188,1.651
0.mp4,0,0.168,1.5428
0.mp4,0,0.172,1.6301
0.mp4,0,0.109,1.5185
0.mp4,0,0.1597,1.7858
0.mp4,0,0.1688,1.5838
0.mp4,0,0.1625,1.5919
0.mp4,0,0.15,1.6071
0.mp4,0,0.1469,2.2963
0.mp4,0,0.1561,2.3208
0.mp4,0,0.1655,2.1923
0.mp4,0,0.1802,2.3884
0.mp4,0,0.1658,2.1113
0.mp4,0,0.1722,2.1017
0.mp4,0,0.1841,2.0523
0.mp4,0,0.1796,2.3177
0.mp4,0,0.1719,2.0466
0.mp4,0,0.1759,2.1686
0.mp4,0,0.179,2.1988
0.mp4,0,0.1295,2.2872
0.mp4,0,0.1205,2.0148
0.mp4,0,0.152,1.7769
0.mp4,0,0.164,1.7564
0.mp4,0,0.1778,1.8197
0.mp4,0,0.1615,1.7824
0.mp4,0,0.1577,1.8031
0.mp4,0,0.1588,1.7486
0.mp4,0,0.1698,1.8014
0.mp4,0,0.1761,1.7345
0.mp4,0,0.259,3.0467
0.mp4,0,0.1706,2.6717
0.mp4,0,0.1906,2.3074
0.mp4,0,0.1432,2.5005
0.mp4,0,0.1738,2.5726
0.mp4,0,0.1397,2.0874
0.mp4,0,0.1804,1.8687
0.mp4,0,0.1623,1.8159
0.mp4,0,0.1646,1.793
0.mp4,0,0.138,1.8655
0.mp4,0,0.1675,1.8698
0.mp4,0,0.1859,1.9052
0.mp4,0,0.1874,1.78
0.mp4,0,0.1891,1.7309
0.mp4,0,0.1902,1.7656
0.mp4,0,0.1575,1.7584
0.mp4,0,0.1822,1.8104
0.mp4,0,0.1841,1.7187
0.mp4,0,0.1724,2.6744
0.mp4,0,0.1621,2.2887
0.mp4,0,0.1732,1.903
0.mp4,0,0.1835,1.9135
0.mp4,0,0.1916,1.8543
0.mp4,0,0.1861,1.7819
0.mp4,0,0.1777,1.8007
0.mp4,0,0.1558,1.9177
0.mp4,0,0.1803,1.8453
0.mp4,0,0.191,1.8013
0.mp4,0,0.186,1.5718
0.mp4,0,0.168,1.9009
0.mp4,0,0.175,1.5304
0.mp4,0,0.1939,2.5965
0.mp4,0,0.1992,2.2568
0.mp4,0,0.1825,1.6696
0.mp4,0,0.1812,1.7127
0.mp4,0,0.1858,1.6965
0.mp4,0,0.1674,1.6907
0.mp4,0,0.19,1.4943
0.mp4,0,0.1609,1.5654
0.mp4,0,0.1788,1.4931
0.mp4,0,0.1527,1.4905
0.mp4,0,0.1553,1.5457
0.mp4,0,0.1716,1.6197
0.mp4,0,0.1524,1.7046
0.mp4,0,0.1571,1.6331
0.mp4,0,0.1584,1.5632
0.mp4,0,0.1534,1.4915
0.mp4,0,0.1481,1.5444
0.mp4,0,0.1419,1.4886
0.mp4,0,0.167,1.6159
0.mp4,0,0.1676,1.6177
0.mp4,0,0.157,1.4979
0.mp4,0,0.1761,1.543
0.mp4,0,0.149,1.5259
0.mp4,0,0.1731,1.6461
0.mp4,0,0.1639,1.5333
0.mp4,0,0.1893,1.5267
0.mp4,0,0.1892,1.5803
0.mp4,0,0.1658,1.5258
0.mp4,0,0.1795,1.5654
0.mp4,0,0.1734,1.6381
0.mp4,0,0.1866,1.6078
0.mp4,0,0.1903,1.6139
0.mp4,0,0.1837,1.582
0.mp4,0,0.1608,1.5408
0.mp4,0,0.1515,1.6206
0.mp4,0,0.1516,1.7783
0.mp4,0,0.1493,1.7094
0.mp4,0,0.1763,1.6312
0.mp4,0,0.1728,1.6106
0.mp4,0,0.1775,1.656
0.mp4,0,0.1799,1.6491
0.mp4,0,0.17,1.6571
0.mp4,0,0.1667,1.5683
0.mp4,0,0.1604,1.4968
0.mp4,0,0.1658,1.6007
0.mp4,0,0.1636,1.5557
0.mp4,0,0.1682,1.5836
0.mp4,0,0.1791,1.5342
0.mp4,0,0.1798,1.5609
0.mp4,0,0.1866,1.5763
0.mp4,0,0.1839,1.5792
0.mp4,0,0.1907,1.6712
0.mp4,0,0.1981,1.6002
0.mp4,0,0.193,1.6489
0.mp4,0,0.1784,1.5406
0.mp4,0,0.183,1.6033
0.mp4,0,0.1742,1.5542
0.mp4,0,0.1756,1.634
0.mp4,0,0.1809,1.6034
0.mp4,0,0.182,1.6125
0.mp4,0,0.1835,1.5884
0.mp4,0,0.1855,1.6159
0.mp4,0,0.1697,1.5739
0.mp4,0,0.1721,1.5179
0.mp4,0,0.172,1.5721
0.mp4,0,0.1205,1.5382
0.mp4,0,0.1644,1.522
0.mp4,0,0.1878,1.5134
0.mp4,0,0.1859,1.4777
0.mp4,0,0.1947,1.6228
0.mp4,0,0.1704,1.5661
0.mp4,0,0.1737,1.5279
0.mp4,0,0.1879,1.5353
0.mp4,0,0.1694,1.5629
0.mp4,0,0.1218,1.6003
0.mp4,0,0.1629,1.5634
0.mp4,0,0.1479,1.6471
0.mp4,0,0.1523,1.5189
5.mp4,5,0.1591,1.6923
5.mp4,5,0.1841,1.5503
5.mp4,5,0.1789,1.4749
5.mp4,5,0.1617,1.9903
5.mp4,5,0.1605,1.7885
5.mp4,5,0.1544,1.8643
5.mp4,5,0.1613,1.662
5.mp4,5,0.1632,1.7503
5.mp4,5,0.0414,1.5594
5.mp4,5,0.1726,1.6331
5.mp4,5,0.1503,2.0705
5.mp4,5,0.1657,2.0166
5.mp4,5,0.1788,1.8486
5.mp4,5,0.1456,1.818
5.mp4,5,0.1644,1.5769
5.mp4,5,0.1736,1.6256
5.mp4,5,0.1713,1.8141
5.mp4,5,0.1616,1.8239
5.mp4,5,0.175,1.7261
5.mp4,5,0.1747,1.7102
5.mp4,5,0.1682,1.87
5.mp4,5,0.1681,1.7396
5.mp4,5,0.1873,1.4025
5.mp4,5,0.1872,1.5996
5.mp4,5,0.1853,1.7322
5.mp4,5,0.179,1.7709
5.mp4,5,0.1736,1.6849
5.mp4,5,0.1659,1.7597
5.mp4,5,0.1714,1.3433
5.mp4,5,0.1731,1.3256
5.mp4,5,0.1758,1.2847
5.mp4,5,0.1488,1.533
5.mp4,5,0.1783,1.6368
5.mp4,5,0.1664,1.5813
5.mp4,5,0.1584,1.5536
5.mp4,5,0.1754,1.8035
5.mp4,5,0.0472,1.437
5.mp4,5,0.1521,1.707
5.mp4,5,0.1439,1.6139
5.mp4,5,0.1525,1.8531
5.mp4,5,0.1566,1.4872
5.mp4,5,0.1313,1.3482
5.mp4,5,0.118,1.4652
5.mp4,5,0.1342,1.5817
5.mp4,5,0.1429,1.4894
5.mp4,5,0.1483,1.4243
5.mp4,5,0.1564,1.5673
5.mp4,5,0.1733,1.7303
5.mp4,5,0.1733,1.5957
5.mp4,5,0.1682,1.3663
5.mp4,5,0.191,1.2979
5.mp4,5,0.1323,1.7722
5.mp4,5,0.1599,1.5951
5.mp4,5,0.1499,1.6734
5.mp4,5,0.1383,1.9384
5.mp4,5,0.1374,1.9469
5.mp4,5,0.1408,1.4088
5.mp4,5,0.1423,1.4723
5.mp4,5,0.1584,1.6847
5.mp4,5,0.1491,1.6287
5.mp4,5,0.1522,1.6136
5.mp4,5,0.0546,1.6205
5.mp4,5,0.1443,1.5439
5.mp4,5,0.1535,1.4402
5.mp4,5,0.1651,1.6492
5.mp4,5,0.1713,1.604
5.mp4,5,0.1632,1.857
5.mp4,5,0.1552,1.7293
5.mp4,5,0.1504,1.7534
5.mp4,5,0.1543,1.7421
5.mp4,5,0.1524,1.6349
5.mp4,5,0.1555,1.8021
5.mp4,5,0.027,2.1576
5.mp4,5,0.132,2.0221
5.mp4,5,0.1386,2.0529
5.mp4,5,0.1329,2.0292
5.mp4,5,0.1318,1.9574
5.mp4,5,0.1382,1.5716
5.mp4,5,0.1464,1.6291
5.mp4,5,0.1547,1.356
5.mp4,5,0.0514,1.363
5.mp4,5,0.1498,1.3324
5.mp4,5,0.155,1.5769
5.mp4,5,0.1508,1.5565
5.mp4,5,0.1515,1.7457
5.mp4,5,0.1488,1.725
5.mp4,5,0.1579,1.6405
5.mp4,5,0.1269,1.898
5.mp4,5,0.0994,1.3693
5.mp4,5,0.1544,1.5807
5.mp4,5,0.1685,1.6033
5.mp4,5,0.1742,1.6751
5.mp4,5,0.0404,1.6409
5.mp4,5,0.1535,1.6715
5.mp4,5,0.1514,1.6738
5.mp4,5,0.1371,1.7677
5.mp4,5,0.1464,1.8704
5.mp4,5,0.168,1.5721
5.mp4,5,0.1684,1.643
5.mp4,5,0.167,1.3948
5.mp4,5,0.2014,1.8185
5.mp4,5,0.1638,1.681
5.mp4,5,0.1533,1.6572
5.mp4,5,0.1528,2.0097
5.mp4,5,0.1614,1.6049
5.mp4,5,0.1719,1.4996
5.mp4,5,0.1776,1.5752
5.mp4,5,0.1874,1.3596
5.mp4,5,0.1763,1.6068
5.mp4,5,0.2018,1.6939
5.mp4,5,0.1935,1.6959
5.mp4,5,0.1808,1.5986
5.mp4,5,0.1706,1.4133
5.mp4,5,0.1816,1.6526
5.mp4,5,0.1686,1.5974
5.mp4,5,0.1721,1.4673
5.mp4,5,0.1735,1.6529
5.mp4,5,0.1866,1.5626
5.mp4,5,0.1865,1.5346
5.mp4,5,0.1788,1.4232
5.mp4,5,0.1258,1.5104
5.mp4,5,0.2012,1.2254
5.mp4,5,0.2067,1.2756
5.mp4,5,0.1999,1.2984
5.mp4,5,0.1933,1.2865
5.mp4,5,0.1663,1.4449
5.mp4,5,0.1361,2.1647
5.mp4,5,0.146,1.8353
5.mp4,5,0.1434,1.9053
5.mp4,5,0.16,1.8468
5.mp4,5,0.1459,1.6141
5.mp4,5,0.1143,1.5494
5.mp4,5,0.1725,1.6577
5.mp4,5,0.1793,1.5035
5.mp4,5,0.1776,1.5718
5.mp4,5,0.185,1.5509
5.mp4,5,0.1685,1.5964
5.mp4,5,0.1156,1.5823
5.mp4,5,0.109,1.6314
5.mp4,5,0.1835,1.5285
5.mp4,5,0.1579,1.7602
5.mp4,5,0.1623,1.6273
5.mp4,5,0.181,1.7746
5.mp4,5,0.1533,1.8927
5.mp4,5,0.1503,2.0248
5.mp4,5,0.1603,1.8187
5.mp4,5,0.2143,2.9316
5.mp4,5,0.2202,2.8691
5.mp4,5,0.1684,1.6128
5.mp4,5,0.1352,1.8113
5.mp4,5,0.1476,2.0086
5.mp4,5,0.1429,1.5047
5.mp4,5,0.1473,1.6077
5.mp4,5,0.1583,1.3261
5.mp4,5,0.1473,1.5052
5.mp4,5,0.147,1.6105
5.mp4,5,0.1354,1.7341
5.mp4,5,0.1151,1.3758
5.mp4,5,0.1123,1.3118
5.mp4,5,0.1266,1.8479
5.mp4,5,0.0378,1.5921
5.mp4,5,0.1088,1.4732
5.mp4,5,0.1489,1.46
5.mp4,5,0.1627,1.4702
5.mp4,5,0.1542,1.6641
5.mp4,5,0.1438,1.8309
5.mp4,5,0.1587,1.5815
5.mp4,5,0.1762,1.4764
5.mp4,5,0.1709,1.6027
5.mp4,5,0.165,1.6266
5.mp4,5,0.1712,1.5255
5.mp4,5,0.1697,1.5414
5.mp4,5,0.1622,1.7505
5.mp4,5,0.1874,1.5094
5.mp4,5,0.1817,1.7496
5.mp4,5,0.1582,1.5034
5.mp4,5,0.1748,1.6859
5.mp4,5,0.1741,1.6606
5.mp4,5,0.1633,1.64
5.mp4,5,0.1628,1.6975
5.mp4,5,0.165,1.6244
5.mp4,5,0.1526,1.555
5.mp4,5,0.1689,1.6933
5.mp4,5,0.1846,1.4989
5.mp4,5,0.1845,1.6262
5.mp4,5,0.2441,2.6482
5.mp4,5,0.1624,2.027
5.mp4,5,0.1532,1.7176
5.mp4,5,0.1393,1.6699
5.mp4,5,0.1461,1.5708
5.mp4,5,0.1244,1.6262
5.mp4,5,0.1533,1.8485
5.mp4,5,0.1558,1.7033
5.mp4,5,0.1727,1.6711
5.mp4,5,0.1565,1.6588
5.mp4,5,0.1635,1.7218
5.mp4,5,0.1606,1.6613
5.mp4,5,0.1801,1.6901
5.mp4,5,0.1747,1.6416
5.mp4,5,0.1748,1.6093
5.mp4,5,0.1744,1.5814
5.mp4,5,0.1419,1.7661
5.mp4,5,0.1189,1.5158
5.mp4,5,0.1473,1.6953
5.mp4,5,0.153,1.6291
5.mp4,5,0.1656,1.7224
5.mp4,5,0.1718,1.6857
5.mp4,5,0.1687,1.659
5.mp4,5,0.1462,1.9253
5.mp4,5,0.148,1.5947
5.mp4,5,0.1307,1.5227
5.mp4,5,0.1362,1.5286
5.mp4,5,0.1447,1.4329
5.mp4,5,0.1527,1.5079
5.mp4,5,0.1476,1.5003
5.mp4,5,0.1586,1.2668
5.mp4,5,0.1594,1.2135
5.mp4,5,0.1656,1.3677
5.mp4,5,0.1514,1.2831
5.mp4,5,0.1507,1.3829
5.mp4,5,0.1597,1.4492
5.mp4,5,0.159,1.4521
5.mp4,5,0.1486,1.3948
5.mp4,5,0.0871,1.2529
5.mp4,5,0.1916,1.0341
5.mp4,5,0.1582,1.5574
5.mp4,5,0.1471,1.7901
5.mp4,5,0.1423,1.724
5.mp4,5,0.1614,1.686
5.mp4,5,0.1587,1.6045
5.mp4,5,0.1664,1.7432
5.mp4,5,0.1605,1.6668
5.mp4,5,0.1593,1.7665
5.mp4,5,0.165,1.6938
5.mp4,5,0.1985,1.66
5.mp4,5,0.1649,1.7094
5.mp4,5,0.1589,1.8102
5.mp4,5,0.1669,1.7747
5.mp4,5,0.1727,1.7022
5.mp4,5,0.1632,1.7523
5.mp4,5,0.1679,1.6751
5.mp4,5,0.1238,1.893
5.mp4,5,0.1786,1.6275
5.mp4,5,0.17,1.6602
5.mp4,5,0.1706,1.7352
5.mp4,5,0.3617,1.7122
5.mp4,5,0.2143,0.7378
5.mp4,5,0.1744,1.256
5.mp4,5,0.1739,1.2775
5.mp4,5,0.18,1.5774
5.mp4,5,0.1592,1.897
5.mp4,5,0.1663,1.9613
5.mp4,5,0.1661,1.5683
5.mp4,5,0.1675,2.0638
5.mp4,5,0.1588,1.8763
5.mp4,5,0.1666,1.7514
5.mp4,5,0.1707,1.7037
5.mp4,5,0.1709,1.3904
5.mp4,5,0.2285,1.2764
5.mp4,5,0.1912,1.3178
5.mp4,5,0.143,1.3368
5.mp4,5,0.148,1.6007
5.mp4,5,0.1521,1.4325
5.mp4,5,0.1509,1.3474
5.mp4,5,0.1605,1.4435
5.mp4,5,0.1829,1.5348
5.mp4,5,0.0721,1.5926
5.mp4,5,0.1751,1.5795
5.mp4,5,0.1637,1.6608
5.mp4,5,0.1728,1.7715
5.mp4,5,0.1752,1.8128
5.mp4,5,0.1616,1.8584
5.mp4,5,0.1624,1.6464
5.mp4,5,0.1682,1.6392
5.mp4,5,0.178,1.7661
5.mp4,5,0.1695,1.4628
5.mp4,5,0.1788,1.7516
5.mp4,5,0.1647,1.7212
5.mp4,5,0.1631,1.6527
5.mp4,5,0.1681,1.7221
5.mp4,5,0.1323,1.6691
5.mp4,5,0.1711,1.6148
5.mp4,5,0.1642,1.6617
5.mp4,5,0.172,1.5816
5.mp4,5,0.1738,1.6348
5.mp4,5,0.1651,1.645
5.mp4,5,0.1476,1.5396
5.mp4,5,0.1643,1.6541
5.mp4,5,0.1569,1.6731
5.mp4,5,0.1614,1.5901
5.mp4,5,0.1412,1.5537
5.mp4,5,0.1543,1.6179
5.mp4,5,0.1389,1.5898
5.mp4,5,0.1486,1.5456
5.mp4,5,0.1501,1.4886
5.mp4,5,0.147,1.4295
5.mp4,5,0.1552,1.7635
5.mp4,5,0.1552,1.704
5.mp4,5,0.1577,1.6259
5.mp4,5,0.1532,1.4992
5.mp4,5,0.1503,1.6415
5.mp4,5,0.1593,1.5628
5.mp4,5,0.184,2.4824
5.mp4,5,0.1737,2.667
5.mp4,5,0.1608,2.2319
5.mp4,5,0.1718,2.2548
5.mp4,5,0.1641,2.5082
5.mp4,5,0.1559,2.0477
5.mp4,5,0.1534,2.0155
5.mp4,5,0.1566,2.2006
5.mp4,5,0.152,2.146
5.mp4,5,0.1477,2.1795
5.mp4,5,0.142,2.2161
5.mp4,5,0.1589,2.2497
5.mp4,5,0.1653,2.1772
5.mp4,5,0.1607,2.0586
5.mp4,5,0.1614,2.4596
5.mp4,5,0.1766,2.2371
5.mp4,5,0.1598,2.1895
5.mp4,5,0.1631,1.8398
5.mp4,5,0.1328,1.5888
5.mp4,5,0.0632,1.3821
5.mp4,5,0.1662,1.8203
5.mp4,5,0.1617,1.9771
5.mp4,5,0.1555,2.2547
5.mp4,5,0.1613,1.881
5.mp4,5,0.1555,1.7488
5.mp4,5,0.0796,2.0555
5.mp4,5,0.1038,1.7831
5.mp4,5,0.1594,2.0704
5.mp4,5,0.077,1.9105
5.mp4,5,0.1605,2.035
5.mp4,5,0.1604,2.0295
5.mp4,5,0.1489,2.0858
5.mp4,5,0.1585,2.1726
5.mp4,5,0.1446,2.0621
5.mp4,5,0.1571,2.0625
5.mp4,5,0.1502,2.1168
5.mp4,5,0.0894,2.1917
5.mp4,5,0.1609,3.1699
5.mp4,5,0.157,2.8656
5.mp4,5,0.1637,3.6738
5.mp4,5,0.1598,3.1286
5.mp4,5,0.148,3.1063
5.mp4,5,0.1569,2.8866
5.mp4,5,0.1543,3.3451
5.mp4,5,0.1542,3.1472
5.mp4,5,0.1515,2.8898
5.mp4,5,0.1566,2.7191
5.mp4,5,0.1662,2.5628
5.mp4,5,0.163,2.3518
5.mp4,5,0.1595,2.1724
5.mp4,5,0.1465,2.3881
5.mp4,5,0.1561,2.4472
5.mp4,5,0.1584,2.4548
5.mp4,5,0.1481,2.2774
5.mp4,5,0.1578,2.3497
5.mp4,5,0.1526,2.2431
5.mp4,5,0.1506,2.0829
5.mp4,5,0.1519,2.0501
5.mp4,5,0.157,2.1276
5.mp4,5,0.1375,2.3892
5.mp4,5,0.1575,2.0418
5.mp4,5,0.1507,2.1021
5.mp4,5,0.1487,2.1945
5.mp4,5,0.1587,2.1185
5.mp4,5,0.1535,2.3898
5.mp4,5,0.1558,2.1194
5.mp4,5,0.1569,2.2037
5.mp4,5,0.1591,2.3675
5.mp4,5,0.1642,2.2596
5.mp4,5,0.1562,2.3044
5.mp4,5,0.1555,2.3185
5.mp4,5,0.1555,2.2924
5.mp4,5,0.1558,2.2308
5.mp4,5,0.1637,2.1547
5.mp4,5,0.1726,2.2409
5.mp4,5,0.1688,2.053
5.mp4,5,0.162,2.0877
5.mp4,5,0.1678,2.2601
5.mp4,5,0.1585,2.2171
5.mp4,5,0.1697,2.1248
5.mp4,5,0.1652,2.405
5.mp4,5,0.1621,2.1735
5.mp4,5,0.161,2.2284
5.mp4,5,0.1554,2.1598
5.mp4,5,0.1619,2.221
5.mp4,5,0.1571,2.1617
5.mp4,5,0.1634,2.0881
5.mp4,5,0.1547,2.1403
5.mp4,5,0.156,2.1497
5.mp4,5,0.1601,2.2158
5.mp4,5,0.143,2.2879
5.mp4,5,0.1499,2.0679
5.mp4,5,0.142,2.234
5.mp4,5,0.1247,2.2615
5.mp4,5,0.0753,1.9926
5.mp4,5,0.124,1.0862
5.mp4,5,0.1502,2.2567
5.mp4,5,0.1686,2.453
5.mp4,5,0.1553,2.204
5.mp4,5,0.1542,2.2575
5.mp4,5,0.1628,2.1849
5.mp4,5,0.1566,2.2647
5.mp4,5,0.1584,2.2927
5.mp4,5,0.1623,2.206
5.mp4,5,0.1673,2.3518
5.mp4,5,0.1693,2.1403
5.mp4,5,0.0949,2.159
5.mp4,5,0.1756,2.4006
5.mp4,5,0.1687,2.3222
5.mp4,5,0.1399,2.1437
5.mp4,5,0.1482,2.1067
5.mp4,5,0.1752,2.286
5.mp4,5,0.1678,2.3938
5.mp4,5,0.1771,2.1552
5.mp4,5,0.1808,2.4004
5.mp4,5,0.1693,2.2073
5.mp4,5,0.1699,2.2584
5.mp4,5,0.172,2.3162
5.mp4,5,0.0998,2.1861
5.mp4,5,0.1698,2.2681
5.mp4,5,0.0802,2.2257
5.mp4,5,0.1868,2.0817
5.mp4,5,0.18,2.1266
5.mp4,5,0.184,2.0289
5.mp4,5,0.1786,2.0433
5.mp4,5,0.1889,2.0669
5.mp4,5,0.1872,2.0917
5.mp4,5,0.1828,2.0552
5.mp4,5,0.1876,2.6947
5.mp4,5,0.2077,3.4716
5.mp4,5,0.1231,2.2577
5.mp4,5,0.1558,2.3005
5.mp4,5,0.1761,2.2456
5.mp4,5,0.1701,2.3725
5.mp4,5,0.1563,2.1683
5.mp4,5,0.1549,2.326
5.mp4,5,0.1504,2.2488
5.mp4,5,0.1443,2.3741
5.mp4,5,0.1444,2.3291
5.mp4,5,0.1458,2.3653
5.mp4,5,0.1413,2.3347
5.mp4,5,0.1491,2.2373
5.mp4,5,0.1512,2.2995
5.mp4,5,0.1465,2.3465
5.mp4,5,0.1563,2.2918
5.mp4,5,0.1579,2.3898
5.mp4,5,0.1529,2.2902
5.mp4,5,0.1601,2.2794
5.mp4,5,0.1818,2.3917
5.mp4,5,0.0843,2.4655
5.mp4,5,0.1541,2.4411
5.mp4,5,0.1569,2.157
5.mp4,5,0.1437,2.306
5.mp4,5,0.1543,2.4119
5.mp4,5,0.1464,2.3033
5.mp4,5,0.1404,2.3221
5.mp4,5,0.1356,2.3254
5.mp4,5,0.1387,2.387
5.mp4,5,0.14,2.2769
5.mp4,5,0.1445,2.3753
5.mp4,5,0.1531,2.3521
5.mp4,5,0.1601,2.4444
5.mp4,5,0.1551,2.2511
5.mp4,5,0.1644,2.2936
5.mp4,5,0.1569,2.3952
5.mp4,5,0.1594,2.329
5.mp4,5,0.1561,2.3965
5.mp4,5,0.1597,2.3621
5.mp4,5,0.1577,2.3872
5.mp4,5,0.1658,2.2729
5.mp4,5,0.1625,2.351
5.mp4,5,0.1565,2.3287
5.mp4,5,0.1561,2.323
5.mp4,5,0.1626,2.3864
5.mp4,5,0.1574,2.3346
5.mp4,5,0.16,2.3137
5.mp4,5,0.161,2.218
5.mp4,5,0.1621,2.4829
5.mp4,5,0.1646,2.2834
5.mp4,5,0.1655,2.4406
5.mp4,5,0.165,2.361
5.mp4,5,0.1598,2.3483
5.mp4,5,0.1621,2.3474
5.mp4,5,0.1622,2.3743
5.mp4,5,0.1603,2.2427
5.mp4,5,0.164,2.4178
5.mp4,5,0.1665,2.3317
5.mp4,5,0.1631,2.3177
5.mp4,5,0.1647,2.3574
5.mp4,5,0.1622,2.4656
5.mp4,5,0.1546,2.3698
5.mp4,5,0.1507,2.4227
5.mp4,5,0.1484,2.4278
5.mp4,5,0.1455,2.3454
5.mp4,5,0.1449,2.3215
5.mp4,5,0.136,2.4707
5.mp4,5,0.1548,2.3145
5.mp4,5,0.15,2.2175
5.mp4,5,0.1483,2.3458
5.mp4,5,0.1645,2.3507
5.mp4,5,0.1591,2.3539
5.mp4,5,0.171,2.2231
5.mp4,5,0.1686,2.5585
5.mp4,5,0.1576,2.5757
5.mp4,5,0.1575,2.3572
5.mp4,5,0.1559,2.3004
5.mp4,5,0.1686,2.2941
5.mp4,5,0.1257,2.2759
5.mp4,5,0.1669,2.2674
5.mp4,5,0.1575,2.2107
5.mp4,5,0.157,2.2094
5.mp4,5,0.158,2.1672
5.mp4,5,0.1522,2.1249
5.mp4,5,0.1626,2.1662
5.mp4,5,0.1756,2.066
5.mp4,5,0.1591,2.3291
5.mp4,5,0.1601,2.2727
5.mp4,5,0.1555,2.0853
5.mp4,5,0.1624,2.3143
5.mp4,5,0.1596,2.1344
5.mp4,5,0.1873,2.5945
5.mp4,5,0.1781,2.5799
5.mp4,5,0.1552,2.0464
5.mp4,5,0.1655,2.8151
5.mp4,5,0.151,2.3591
5.mp4,5,0.0859,1.2478
5.mp4,5,0.1476,2.3909
5.mp4,5,0.1381,2.3593
5.mp4,5,0.1241,2.3884
5.mp4,5,0.1416,2.5699
5.mp4,5,0.1319,2.395
5.mp4,5,0.0747,1.8393
5.mp4,5,0.1168,1.9143
5.mp4,5,0.1667,1.8902
5.mp4,5,0.1393,2.5854
5.mp4,5,0.161,2.624
5.mp4,5,0.1542,2.512
5.mp4,5,0.0636,2.5651
5.mp4,5,0.1138,2.4816
5.mp4,5,0.1527,2.3822
5.mp4,5,0.124,2.3758
5.mp4,5,0.1585,1.9384
5.mp4,5,0.1465,2.6941
5.mp4,5,0.1346,2.2564
5.mp4,5,0.166,2.4583
5.mp4,5,0.1626,2.3224
5.mp4,5,0.1824,2.2243
5.mp4,5,0.1361,2.2931
5.mp4,5,0.1518,2.1949
5.mp4,5,0.1314,2.475
5.mp4,5,0.1163,1.5144
5.mp4,5,0.222,1.5299
5.mp4,5,0.1611,2.6143
5.mp4,5,0.1182,2.7595
5.mp4,5,0.1237,2.4643
5.mp4,5,0.139,2.3416
5.mp4,5,0.1384,2.4122
5.mp4,5,0.129,2.3831
5.mp4,5,0.1519,2.3201
5.mp4,5,0.1461,2.3529
5.mp4,5,0.1347,2.4299
5.mp4,5,0.1485,2.3986
5.mp4,5,0.1466,2.4263
5.mp4,5,0.1219,2.3812
5.mp4,5,0.1433,2.4357
5.mp4,5,0.1437,2.3621
5.mp4,5,0.1261,2.3231
5.mp4,5,0.1357,2.3326
5.mp4,5,0.145,2.33
5.mp4,5,0.1312,2.1299
5.mp4,5,0.0912,2.9511
5.mp4,5,0.1242,2.5995
5.mp4,5,0.1584,2.1908
5.mp4,5,0.1446,2.2261
5.mp4,5,0.1339,2.3243
5.mp4,5,0.181,2.1236
5.mp4,5,0.1668,2.2929
5.mp4,5,0.1706,2.3883
5.mp4,5,0.1505,2.2701
5.mp4,5,0.1631,2.3379
5.mp4,5,0.161,2.2296
5.mp4,5,0.159,2.2264
5.mp4,5,0.1567,2.3312
5.mp4,5,0.1203,2.4035
5.mp4,5,0.1267,2.1599
5.mp4,5,0.1606,2.3431
5.mp4,5,0.156,2.4415
5.mp4,5,0.1597,2.3436
5.mp4,5,0.1654,2.2991
5.mp4,5,0.1643,2.4501
5.mp4,5,0.1628,2.5278
5.mp4,5,0.1618,2.3359
5.mp4,5,0.1558,2.3298
5.mp4,5,0.1525,2.3289
5.mp4,5,0.1481,2.4567
5.mp4,5,0.1428,2.0816
10.mp4,10,0.1732,1.3241
10.mp4,10,0.1702,1.3155
10.mp4,10,0.1659,1.3422
10.mp4,10,0.1782,1.1182
10.mp4,10,0.1731,1.1411
10.mp4,10,0.1665,1.2526
10.mp4,10,0.1748,1.0501
10.mp4,10,0.1657,1.1139
10.mp4,10,0.1563,1.2432
10.mp4,10,0.1588,1.2211
10.mp4,10,0.164,1.1478
10.mp4,10,0.1649,1.2046
10.mp4,10,0.1707,1.1927
10.mp4,10,0.161,1.1705
10.mp4,10,0.1649,1.2177
10.mp4,10,0.1686,1.1955
10.mp4,10,0.1694,1.2671
10.mp4,10,0.1687,1.2098
10.mp4,10,0.1618,1.2017
10.mp4,10,0.1658,1.2771
10.mp4,10,0.1676,1.2118
10.mp4,10,0.1655,1.2903
10.mp4,10,0.1711,1.2979
10.mp4,10,0.1646,1.2371
10.mp4,10,0.1698,1.276
10.mp4,10,0.1558,1.2188
10.mp4,10,0.1581,1.357
10.mp4,10,0.1389,1.3117
10.mp4,10,0.0708,1.3704
10.mp4,10,0.1578,1.2773
10.mp4,10,0.1682,1.4621
10.mp4,10,0.1641,1.4101
10.mp4,10,0.1622,1.2483
10.mp4,10,0.1653,1.538
10.mp4,10,0.1585,1.3762
10.mp4,10,0.1619,1.5334
10.mp4,10,0.1643,1.4142
10.mp4,10,0.1728,1.3485
10.mp4,10,0.1379,1.307
10.mp4,10,0.1836,1.1828
10.mp4,10,0.2312,1.1523
10.mp4,10,0.1757,1.3532
10.mp4,10,0.1668,1.2775
10.mp4,10,0.1561,1.2715
10.mp4,10,0.1721,1.2257
10.mp4,10,0.1689,1.2006
10.mp4,10,0.1672,1.2426
10.mp4,10,0.1686,1.2714
10.mp4,10,0.1728,1.223
10.mp4,10,0.1424,1.3302
10.mp4,10,0.1689,1.1979
10.mp4,10,0.1536,1.3017
10.mp4,10,0.1638,1.1579
10.mp4,10,0.1649,1.1247
10.mp4,10,0.148,1.2883
10.mp4,10,0.1457,1.3082
10.mp4,10,0.1616,1.1911
10.mp4,10,0.1695,1.2567
10.mp4,10,0.1588,1.2716
10.mp4,10,0.1405,1.3257
10.mp4,10,0.1581,1.1578
10.mp4,10,0.1821,1.2266
10.mp4,10,0.1448,1.3244
10.mp4,10,0.1442,1.1149
10.mp4,10,0.1661,1.1919
10.mp4,10,0.1433,1.1675
10.mp4,10,0.1744,1.1983
10.mp4,10,0.1437,1.1552
10.mp4,10,0.1737,1.187
10.mp4,10,0.1507,1.1614
10.mp4,10,0.1673,1.1593
10.mp4,10,0.1651,1.114
10.mp4,10,0.17,1.1862
10.mp4,10,0.145,1.2433
10.mp4,10,0.178,1.1028
10.mp4,10,0.1741,1.2018
10.mp4,10,0.1744,1.1628
10.mp4,10,0.1798,1.1918
10.mp4,10,0.1681,1.2068
10.mp4,10,0.1662,1.2977
10.mp4,10,0.1658,1.4303
10.mp4,10,0.1693,1.4681
10.mp4,10,0.1594,1.333
10.mp4,10,0.1713,1.3557
10.mp4,10,0.1431,1.3061
10.mp4,10,0.161,1.133
10.mp4,10,0.1658,1.1861
10.mp4,10,0.1509,1.1526
10.mp4,10,0.1399,1.1861
10.mp4,10,0.143,1.2061
10.mp4,10,0.1507,1.2486
10.mp4,10,0.1756,1.1525
10.mp4,10,0.1448,1.1539
10.mp4,10,0.1503,1.1105
10.mp4,10,0.1384,1.1526
10.mp4,10,0.143,1.1555
10.mp4,10,0.1449,1.168
10.mp4,10,0.1702,1.2648
10.mp4,10,0.1693,1.0945
10.mp4,10,0.1695,1.1682
10.mp4,10,0.1278,1.1867
10.mp4,10,0.1789,1.1995
10.mp4,10,0.1649,1.1765
10.mp4,10,0.1686,1.1108
10.mp4,10,0.1676,1.1328
10.mp4,10,0.1373,1.2399
10.mp4,10,0.1649,1.1499
10.mp4,10,0.1379,1.2185
10.mp4,10,0.1489,1.1724
10.mp4,10,0.1699,1.1339
10.mp4,10,0.1336,1.1726
10.mp4,10,0.1696,1.1446
10.mp4,10,0.1624,1.1081
10.mp4,10,0.1682,1.1807
10.mp4,10,0.1733,1.2051
10.mp4,10,0.1709,1.1602
10.mp4,10,0.1658,1.1796
10.mp4,10,0.1665,1.1215
10.mp4,10,0.166,1.1547
10.mp4,10,0.1521,1.2263
10.mp4,10,0.1626,1.1608
10.mp4,10,0.1722,1.2082
10.mp4,10,0.1693,1.1861
10.mp4,10,0.1772,1.161
10.mp4,10,0.1652,1.1226
10.mp4,10,0.1675,1.1435
10.mp4,10,0.1699,1.1372
10.mp4,10,0.1399,1.165
10.mp4,10,0.1579,1.2693
10.mp4,10,0.1521,1.1926
10.mp4,10,0.1395,1.2087
10.mp4,10,0.1715,1.7194
10.mp4,10,0.1232,1.3256
10.mp4,10,0.1367,1.2381
10.mp4,10,0.1593,1.1136
10.mp4,10,0.1431,1.1475
10.mp4,10,0.1722,1.1747
10.mp4,10,0.1428,1.2192
10.mp4,10,0.1661,1.1271
10.mp4,10,0.1704,1.0974
10.mp4,10,0.1711,1.1254
10.mp4,10,0.1669,1.1653
10.mp4,10,0.1646,1.2229
10.mp4,10,0.1627,1.1226
10.mp4,10,0.1789,1.1084
10.mp4,10,0.1366,1.2312
10.mp4,10,0.1647,1.1112
10.mp4,10,0.1718,1.1061
10.mp4,10,0.17,1.1501
10.mp4,10,0.1711,1.1349
10.mp4,10,0.1674,1.2049
10.mp4,10,0.1625,1.1515
10.mp4,10,0.1339,1.1809
10.mp4,10,0.1452,1.1773
10.mp4,10,0.1559,1.1648
10.mp4,10,0.1743,1.1106
10.mp4,10,0.1747,1.1396
10.mp4,10,0.1652,1.1461
10.mp4,10,0.1682,1.1324
10.mp4,10,0.166,1.1503
10.mp4,10,0.1616,1.1103
10.mp4,10,0.1636,1.1464
10.mp4,10,0.1727,1.1649
10.mp4,10,0.1646,1.2318
10.mp4,10,0.1708,1.1389
10.mp4,10,0.1662,1.1556
10.mp4,10,0.1709,1.1517
10.mp4,10,0.1773,1.1387
10.mp4,10,0.1675,1.2137
10.mp4,10,0.1719,1.1853
10.mp4,10,0.1687,1.1457
10.mp4,10,0.174,1.2306
10.mp4,10,0.1678,1.1878
10.mp4,10,0.1671,1.2429
10.mp4,10,0.1718,1.1716
10.mp4,10,0.1765,1.126
10.mp4,10,0.1778,1.1808
10.mp4,10,0.1721,1.2373
10.mp4,10,0.1764,1.192
10.mp4,10,0.1709,1.2139
10.mp4,10,0.1345,1.1571
10.mp4,10,0.178,1.2023
10.mp4,10,0.1678,1.1603
10.mp4,10,0.1705,1.1106
10.mp4,10,0.1717,1.1822
10.mp4,10,0.1789,1.1469
10.mp4,10,0.1623,1.1743
10.mp4,10,0.1519,1.2418
10.mp4,10,0.1699,1.1702
10.mp4,10,0.1625,1.1553
10.mp4,10,0.1649,1.1509
10.mp4,10,0.1516,1.1578
10.mp4,10,0.1603,1.1931
10.mp4,10,0.1362,1.17
10.mp4,10,0.1638,1.2363
10.mp4,10,0.1754,1.149
10.mp4,10,0.1407,1.2184
10.mp4,10,0.1651,1.1954
10.mp4,10,0.1602,1.1325
10.mp4,10,0.169,1.1644
10.mp4,10,0.1689,1.1425
10.mp4,10,0.1361,1.1575
10.mp4,10,0.1754,1.167
10.mp4,10,0.161,1.1583
10.mp4,10,0.1687,1.1643
10.mp4,10,0.1536,1.1381
10.mp4,10,0.1421,1.2329
10.mp4,10,0.1665,1.1522
10.mp4,10,0.1464,1.0735
10.mp4,10,0.1438,1.1588
10.mp4,10,0.1472,1.1756
10.mp4,10,0.1663,1.0825
10.mp4,10,0.144,1.04
10.mp4,10,0.1438,1.1509
10.mp4,10,0.1232,1.2063
10.mp4,10,0.166,1.1536
10.mp4,10,0.1608,1.1597
10.mp4,10,0.17,1.308
10.mp4,10,0.1652,1.2095
10.mp4,10,0.1748,1.1904
10.mp4,10,0.1414,1.2695
10.mp4,10,0.1532,1.3101
10.mp4,10,0.1603,1.1798
10.mp4,10,0.16,1.1721
10.mp4,10,0.0841,1.2738
10.mp4,10,0.1612,1.2108
10.mp4,10,0.1586,1.1694
10.mp4,10,0.1589,1.2838
10.mp4,10,0.1605,1.1849
10.mp4,10,0.1579,1.1861
10.mp4,10,0.1581,1.1589
10.mp4,10,0.1527,1.1917
10.mp4,10,0.1578,1.2323
10.mp4,10,0.1562,1.2084
10.mp4,10,0.1571,1.1737
10.mp4,10,0.1381,1.1783
10.mp4,10,0.1485,1.1509
10.mp4,10,0.161,1.1345
10.mp4,10,0.1691,1.124
10.mp4,10,0.1606,1.1064
10.mp4,10,0.1663,1.1709
10.mp4,10,0.1707,1.1751
10.mp4,10,0.0709,1.1766
10.mp4,10,0.1858,1.1463
10.mp4,10,0.1717,1.2861
10.mp4,10,0.1397,1.1776
10.mp4,10,0.1559,1.2736
10.mp4,10,0.1602,1.2715
10.mp4,10,0.1717,1.2158
10.mp4,10,0.1534,1.3195
10.mp4,10,0.1545,1.253
10.mp4,10,0.1105,1.3083
10.mp4,10,0.1726,1.3289
10.mp4,10,0.1689,1.1928
10.mp4,10,0.1612,1.2738
10.mp4,10,0.1647,1.2461
10.mp4,10,0.1606,1.2129
10.mp4,10,0.1624,1.2044
10.mp4,10,0.1663,1.1613
10.mp4,10,0.1673,1.2158
10.mp4,10,0.1552,1.2287
10.mp4,10,0.0822,1.2676
10.mp4,10,0.1699,1.2838
10.mp4,10,0.1674,1.2192
10.mp4,10,0.1638,1.2396
10.mp4,10,0.1518,0.973
10.mp4,10,0.1689,1.1967
10.mp4,10,0.1547,1.2409
10.mp4,10,0.1714,1.3364
10.mp4,10,0.1798,1.1599
10.mp4,10,0.1653,1.2022
10.mp4,10,0.1773,1.1482
10.mp4,10,0.1677,1.3732
10.mp4,10,0.18,1.2634
10.mp4,10,0.166,1.3545
10.mp4,10,0.176,1.3009
10.mp4,10,0.1746,1.2349
10.mp4,10,0.163,1.2385
10.mp4,10,0.17,1.2358
10.mp4,10,0.1716,1.2225
10.mp4,10,0.1782,1.2734
10.mp4,10,0.181,1.2119
10.mp4,10,0.1824,1.2948
10.mp4,10,0.1692,1.2526
10.mp4,10,0.174,1.3249
10.mp4,10,0.1725,1.2725
10.mp4,10,0.1722,1.2473
10.mp4,10,0.1705,1.2958
10.mp4,10,0.1682,1.2512
10.mp4,10,0.1763,1.3394
10.mp4,10,0.1715,1.3
10.mp4,10,0.1669,1.2629
10.mp4,10,0.1601,1.1863
10.mp4,10,0.1479,1.0976
10.mp4,10,0.1668,1.351
10.mp4,10,0.1701,1.3958
10.mp4,10,0.1609,1.4224
10.mp4,10,0.1689,1.4266
0.mp4,0,0.1748,1.8662
0.mp4,0,0.1731,1.8806
0.mp4,0,0.1695,1.8127
0.mp4,0,0.1698,2.0593
0.mp4,0,0.1752,1.839
0.mp4,0,0.1693,1.8445
0.mp4,0,0.1818,2.0578
0.mp4,0,0.1863,2.0668
0.mp4,0,0.1671,2.0373
0.mp4,0,0.1605,1.955
0.mp4,0,0.1563,2.2362
0.mp4,0,0.1649,2.1135
0.mp4,0,0.1669,1.7273
0.mp4,0,0.1786,1.7731
0.mp4,0,0.1782,1.7136
0.mp4,0,0.166,1.7791
0.mp4,0,0.1651,2.0556
0.mp4,0,0.1793,1.9482
0.mp4,0,0.1547,1.9476
0.mp4,0,0.1556,1.9404
0.mp4,0,0.1683,1.861
0.mp4,0,0.1708,1.8469
0.mp4,0,0.1802,1.972
0.mp4,0,0.1823,1.9726
0.mp4,0,0.186,1.8628
0.mp4,0,0.1883,1.9225
0.mp4,0,0.1782,1.9168
0.mp4,0,0.1764,2.0629
0.mp4,0,0.1777,2.1881
0.mp4,0,0.173,2.1955
0.mp4,0,0.1782,2.0662
0.mp4,0,0.1734,1.9516
0.mp4,0,0.1757,2.0431
0.mp4,0,0.184,1.8821
0.mp4,0,0.1821,1.9581
0.mp4,0,0.196,1.8182
0.mp4,0,0.1795,1.7526
0.mp4,0,0.1807,1.7772
0.mp4,0,0.1729,1.8776
0.mp4,0,0.1765,1.8189
0.mp4,0,0.1774,1.8453
0.mp4,0,0.1871,1.8534
0.mp4,0,0.1856,1.825
0.mp4,0,0.1891,1.8371
0.mp4,0,0.1996,1.8257
0.mp4,0,0.1923,1.8278
0.mp4,0,0.1944,1.8776
0.mp4,0,0.1627,1.8277
0.mp4,0,0.1898,1.8413
0.mp4,0,0.1718,1.8106
0.mp4,0,0.1818,2.0169
0.mp4,0,0.177,2.0278
0.mp4,0,0.1955,1.8943
0.mp4,0,0.1785,1.8091
0.mp4,0,0.1797,1.8435
0.mp4,0,0.1869,2.0081
0.mp4,0,0.1732,1.7276
0.mp4,0,0.1987,1.7284
0.mp4,0,0.2015,1.7832
0.mp4,0,0.1865,1.7803
0.mp4,0,0.1693,2.0106
0.mp4,0,0.185,2.0445
0.mp4,0,0.19,1.9709
0.mp4,0,0.1716,1.9805
0.mp4,0,0.1836,2.0451
0.mp4,0,0.1924,2.142
0.mp4,0,0.195,2.1572
0.mp4,0,0.1807,2.0775
0.mp4,0,0.1993,1.896
0.mp4,0,0.1811,1.8113
0.mp4,0,0.1643,1.8243
0.mp4,0,0.1749,1.9293
0.mp4,0,0.1875,1.9782
0.mp4,0,0.19,2.1375
0.mp4,0,0.1733,2.0703
0.mp4,0,0.1755,2.0068
0.mp4,0,0.1752,2.0361
0.mp4,0,0.1693,1.9232
0.mp4,0,0.1771,2.0403
0.mp4,0,0.1771,2.2418
0.mp4,0,0.1694,1.8548
0.mp4,0,0.1834,1.9157
0.mp4,0,0.1764,2.0122
0.mp4,0,0.1793,1.8928
0.mp4,0,0.1822,1.9117
0.mp4,0,0.1838,1.8405
0.mp4,0,0.176,1.7882
0.mp4,0,0.193,1.8903
0.mp4,0,0.1864,1.9916
0.mp4,0,0.1732,1.9056
0.mp4,0,0.1828,1.9623
0.mp4,0,0.1698,1.9058
0.mp4,0,0.1908,1.9343
0.mp4,0,0.2014,1.9549
0.mp4,0,0.1825,1.9478
0.mp4,0,0.1453,2.0462
0.mp4,0,0.1308,1.9311
0.mp4,0,0.1978,1.8579
0.mp4,0,0.1882,1.7056
0.mp4,0,0.1748,1.8807
0.mp4,0,0.1907,1.9082
0.mp4,0,0.179,1.962
0.mp4,0,0.1787,2.1029
0.mp4,0,0.1824,1.9927
0.mp4,0,0.1904,2.0302
0.mp4,0,0.1902,2.1281
0.mp4,0,0.1759,2.1099
0.mp4,0,0.1917,1.9941
0.mp4,0,0.1977,1.9606
0.mp4,0,0.1803,1.9906
0.mp4,0,0.1718,2.0674
0.mp4,0,0.1803,2.0349
0.mp4,0,0.1869,2.1747
0.mp4,0,0.1862,1.7724
0.mp4,0,0.1707,1.7123
0.mp4,0,0.1747,1.8913
0.mp4,0,0.1987,2.3037
0.mp4,0,0.1644,2.2165
0.mp4,0,0.183,2.1845
0.mp4,0,0.1844,2.1437
0.mp4,0,0.1902,2.204
0.mp4,0,0.1788,2.1775
0.mp4,0,0.1853,2.0108
0.mp4,0,0.1649,1.9491
0.mp4,0,0.1866,1.9995
0.mp4,0,0.1888,2.1041
0.mp4,0,0.1855,2.1247
0.mp4,0,0.1976,2.0902
0.mp4,0,0.2093,2.1145
0.mp4,0,0.1871,2.0248
0.mp4,0,0.1959,2.131
0.mp4,0,0.2048,2.0418
0.mp4,0,0.1999,2.157
0.mp4,0,0.1909,1.9682
0.mp4,0,0.1859,2.2322
0.mp4,0,0.1811,2.0788
0.mp4,0,0.2084,2.0478
0.mp4,0,0.1878,1.99
0.mp4,0,0.1961,2.0984
0.mp4,0,0.1937,2.0295
0.mp4,0,0.1936,2.0491
0.mp4,0,0.1866,2.1155
0.mp4,0,0.1955,1.9849
0.mp4,0,0.1817,1.9273
0.mp4,0,0.1836,1.953
0.mp4,0,0.1779,1.9742
0.mp4,0,0.1965,1.9731
0.mp4,0,0.1932,1.9479
0.mp4,0,0.1868,2.0074
0.mp4,0,0.2033,1.8885
0.mp4,0,0.1843,2.0048
0.mp4,0,0.1812,1.9357
0.mp4,0,0.1815,1.9514
0.mp4,0,0.1887,1.8957
0.mp4,0,0.1842,2.001
0.mp4,0,0.1873,1.9501
0.mp4,0,0.1978,1.8363
0.mp4,0,0.189,1.9895
0.mp4,0,0.2046,1.9084
0.mp4,0,0.184,1.8884
0.mp4,0,0.1673,2.0086
0.mp4,0,0.1921,2.078
0.mp4,0,0.1726,2.0514
0.mp4,0,0.1838,2.0896
0.mp4,0,0.1771,1.9654
0.mp4,0,0.1681,2.0715
0.mp4,0,0.1862,1.9863
0.mp4,0,0.1928,1.9732
0.mp4,0,0.1951,2.0445
0.mp4,0,0.1965,1.9578
0.mp4,0,0.1843,1.991
0.mp4,0,0.191,1.9127
0.mp4,0,0.1947,1.8711
0.mp4,0,0.1854,1.9477
0.mp4,0,0.1903,2.0187
0.mp4,0,0.1895,2.1292
0.mp4,0,0.1869,1.9136
0.mp4,0,0.1861,2.0052
0.mp4,0,0.1678,2.1251
0.mp4,0,0.176,1.9796
0.mp4,0,0.181,2.1392
0.mp4,0,0.1825,1.9637
0.mp4,0,0.206,2.1215
0.mp4,0,0.1973,2.0959
0.mp4,0,0.1898,1.9776
0.mp4,0,0.1798,1.9258
0.mp4,0,0.1918,2.0585
0.mp4,0,0.1765,2.1739
0.mp4,0,0.1832,2.2194
0.mp4,0,0.1945,2.147
0.mp4,0,0.1927,2.0196
0.mp4,0,0.1976,2.2297
0.mp4,0,0.2003,2.325
0.mp4,0,0.1884,2.109
0.mp4,0,0.2055,1.7711
0.mp4,0,0.1812,1.6336
0.mp4,0,0.0671,1.7061
0.mp4,0,0.1636,2.0966
0.mp4,0,0.1738,1.8858
0.mp4,0,0.1942,2.1891
0.mp4,0,0.1704,2.0808
0.mp4,0,0.1818,1.9591
0.mp4,0,0.1688,2.0003
0.mp4,0,0.1779,2.0768
0.mp4,0,0.1888,1.933
0.mp4,0,0.2005,2.0662
0.mp4,0,0.1641,1.9981
0.mp4,0,0.1616,1.9502
0.mp4,0,0.1592,1.9178
0.mp4,0,0.1748,1.9955
0.mp4,0,0.18,2.0807
0.mp4,0,0.1793,1.9669
0.mp4,0,0.1915,2.0355
0.mp4,0,0.1936,2.1293
0.mp4,0,0.1891,2.1734
0.mp4,0,0.1947,2.1262
0.mp4,0,0.198,1.9767
0.mp4,0,0.1991,2.1271
0.mp4,0,0.2054,2.172
0.mp4,0,0.2023,2.0056
0.mp4,0,0.1979,2.1467
0.mp4,0,0.1964,2.1142
0.mp4,0,0.2077,2.092
0.mp4,0,0.193,1.9809
0.mp4,0,0.1993,2.1478
0.mp4,0,0.2101,2.2261
0.mp4,0,0.2112,2.1262
0.mp4,0,0.2088,2.1017
0.mp4,0,0.2029,2.0742
0.mp4,0,0.1895,2.0109
0.mp4,0,0.1784,2.0143
0.mp4,0,0.1741,1.913
0.mp4,0,0.1892,1.9691
0.mp4,0,0.197,1.9599
0.mp4,0,0.2045,2.1002
0.mp4,0,0.1973,2.278
0.mp4,0,0.1931,2.2338
0.mp4,0,0.2027,2.0808
0.mp4,0,0.2024,2.1066
0.mp4,0,0.2056,2.1568
0.mp4,0,0.2048,2.1562
0.mp4,0,0.1992,2.2532
0.mp4,0,0.2038,2.2409
0.mp4,0,0.202,2.2202
0.mp4,0,0.1932,2.1564
0.mp4,0,0.197,2.1013
0.mp4,0,0.2096,2.2899
0.mp4,0,0.1992,2.1853
0.mp4,0,0.1979,2.1971
0.mp4,0,0.2043,2.1236
0.mp4,0,0.2043,2.2441
0.mp4,0,0.2094,2.0912
0.mp4,0,0.2084,2.1095
0.mp4,0,0.2071,2.0658
0.mp4,0,0.1989,2.0927
0.mp4,0,0.1986,2.2221
0.mp4,0,0.1943,2.0976
0.mp4,0,0.1918,2.0501
0.mp4,0,0.1833,1.9207
0.mp4,0,0.1609,2.3426
0.mp4,0,0.1734,2.1761
0.mp4,0,0.1735,2.2087
0.mp4,0,0.1742,2.1771
0.mp4,0,0.162,2.2045
0.mp4,0,0.1548,2.2028
0.mp4,0,0.148,2.081
0.mp4,0,0.1691,2.0275
0.mp4,0,0.2038,2.3378
0.mp4,0,0.1652,2.0036
0.mp4,0,0.2034,2.3443
0.mp4,0,0.0939,2.291
0.mp4,0,0.1967,1.9738
0.mp4,0,0.1933,2.455
0.mp4,0,0.1854,2.5802
0.mp4,0,0.1934,2.3961
0.mp4,0,0.2003,2.4834
0.mp4,0,0.1833,2.2406
0.mp4,0,0.1812,1.9826
0.mp4,0,0.1811,1.9851
0.mp4,0,0.166,1.8485
0.mp4,0,0.1904,1.8497
0.mp4,0,0.1838,2.0413
0.mp4,0,0.1882,2.0132
0.mp4,0,0.179,1.9311
0.mp4,0,0.174,1.9371
0.mp4,0,0.1849,2.0715
0.mp4,0,0.1811,2.0331
0.mp4,0,0.1891,2.1809
0.mp4,0,0.1817,1.9742
0.mp4,0,0.1879,1.9305
0.mp4,0,0.183,1.9981
0.mp4,0,0.2068,2.108
0.mp4,0,0.2043,2.0518
0.mp4,0,0.1885,2.0566
0.mp4,0,0.1794,1.9615
0.mp4,0,0.1853,2.065
0.mp4,0,0.2013,2.0749
0.mp4,0,0.1806,2.0352
0.mp4,0,0.1769,1.6848
5.mp4,5,0.5851,1.9641
5.mp4,5,0.6735,1.8585
5.mp4,5,0.605,2.1087
5.mp4,5,0.6065,2.2715
5.mp4,5,0.6043,1.7741
5.mp4,5,0.6166,1.985
5.mp4,5,0.5931,2.1483
5.mp4,5,0.5644,1.8135
5.mp4,5,0.2599,2.3588
5.mp4,5,0.3651,1.7325
5.mp4,5,0.4376,1.9066
5.mp4,5,0.3187,1.9544
5.mp4,5,0.5413,1.7437
5.mp4,5,0.5081,1.9005
5.mp4,5,0.5814,1.6276
5.mp4,5,0.5193,1.924
5.mp4,5,0.6114,1.8374
5.mp4,5,0.5641,2.028
5.mp4,5,0.5363,2.1494
5.mp4,5,0.4618,2.0368
5.mp4,5,0.5724,2.0111
5.mp4,5,0.5375,2.0364
5.mp4,5,0.5406,2.2235
5.mp4,5,0.5685,2.2781
5.mp4,5,0.271,2.3866
5.mp4,5,0.5164,2.3885
5.mp4,5,0.522,2.1169
5.mp4,5,0.5282,2.5113
5.mp4,5,0.4381,2.2353
5.mp4,5,0.7034,2.0312
5.mp4,5,0.5665,2.3243
5.mp4,5,0.5286,2.6697
5.mp4,5,0.55,2.5756
5.mp4,5,0.5341,2.5859
5.mp4,5,0.5137,2.5846
5.mp4,5,0.5113,1.2203
5.mp4,5,0.3579,1.0616
5.mp4,5,0.3415,1.0413
5.mp4,5,0.5977,1.6182
5.mp4,5,0.3696,1.6934
5.mp4,5,0.5841,1.7207
5.mp4,5,0.567,1.7209
5.mp4,5,0.6244,1.7348
5.mp4,5,0.5909,1.9499
5.mp4,5,0.6067,1.8211
5.mp4,5,0.5996,2.2222
5.mp4,5,0.6214,1.9552
5.mp4,5,0.5979,1.9462
5.mp4,5,0.5886,1.8963
5.mp4,5,0.364,1.8876
5.mp4,5,0.6242,1.8234
5.mp4,5,0.6229,1.8559
5.mp4,5,0.5998,1.8552
5.mp4,5,0.5889,1.6917
5.mp4,5,0.5887,2.1604
5.mp4,5,0.628,2.0471
5.mp4,5,0.3166,1.7806
5.mp4,5,0.1701,1.3384
5.mp4,5,0.5153,1.3295
5.mp4,5,0.171,1.0362
5.mp4,5,0.3605,1.2881
5.mp4,5,0.5709,1.4496
5.mp4,5,0.5956,1.4571
5.mp4,5,0.5522,1.5071
5.mp4,5,0.5928,1.6264
5.mp4,5,0.6022,1.6491
5.mp4,5,0.5812,1.6576
5.mp4,5,0.5742,1.5758
5.mp4,5,0.5843,1.6823
5.mp4,5,0.6095,1.5664
5.mp4,5,0.5955,1.7556
5.mp4,5,0.3334,1.7615
5.mp4,5,0.1469,1.9745
5.mp4,5,0.5733,1.9019
5.mp4,5,0.5136,1.7522
5.mp4,5,0.5699,2.3401
5.mp4,5,0.558,2.0067
5.mp4,5,0.5808,1.7708
5.mp4,5,0.6022,1.8037
5.mp4,5,0.6385,1.5198
5.mp4,5,0.2194,1.9731
5.mp4,5,0.6541,1.7792
5.mp4,5,0.6371,1.9415
5.mp4,5,0.5939,2.001
5.mp4,5,0.5395,2.2098
5.mp4,5,0.6146,2.6451
5.mp4,5,0.6112,2.3325
5.mp4,5,0.5868,1.6353
5.mp4,5,0.5762,2.3544
5.mp4,5,0.5159,2.056
5.mp4,5,0.5837,1.349
5.mp4,5,0.6045,1.7285
5.mp4,5,0.5698,2.1406
5.mp4,5,0.5672,1.7794
5.mp4,5,0.5672,2.2905
5.mp4,5,0.577,2.4375
5.mp4,5,0.6053,2.2934
5.mp4,5,0.5506,2.6126
5.mp4,5,0.5843,2.1914
5.mp4,5,0.5593,2.2567
5.mp4,5,0.5909,1.9436
5.mp4,5,0.5708,2.4286
5.mp4,5,0.5399,2.3954
5.mp4,5,0.5633,2.1316
5.mp4,5,0.5673,1.9425
5.mp4,5,0.2132,2.4276
5.mp4,5,0.7516,2.0618
5.mp4,5,0.6133,1.9734
5.mp4,5,0.6164,2.0114
5.mp4,5,0.6004,2.211
5.mp4,5,0.5929,2.1711
5.mp4,5,0.5595,2.2242
5.mp4,5,0.6219,2.2025
5.mp4,5,0.2595,2.2829
5.mp4,5,0.418,2.672
5.mp4,5,0.4786,2.5162
5.mp4,5,0.5799,2.2215
5.mp4,5,0.5471,2.226
5.mp4,5,0.5769,2.0584
5.mp4,5,0.5197,2.0858
5.mp4,5,0.5154,2.3606
5.mp4,5,0.4706,2.3467
5.mp4,5,0.5525,2.2923
5.mp4,5,0.5721,2.2267
5.mp4,5,0.5773,2.448
5.mp4,5,0.5582,2.2998
5.mp4,5,0.5525,2.5072
5.mp4,5,0.5782,2.3724
5.mp4,5,0.5446,2.3488
5.mp4,5,0.5367,2.5223
5.mp4,5,0.5468,2.3553
5.mp4,5,0.5327,2.6454
5.mp4,5,0.5388,2.5357
5.mp4,5,0.5542,2.1867
5.mp4,5,0.512,2.4065
5.mp4,5,0.5161,2.1782
5.mp4,5,0.5607,2.0698
5.mp4,5,0.5137,2.2103
5.mp4,5,0.5345,2.0272
5.mp4,5,0.5304,1.944
5.mp4,5,0.4714,2.1912
5.mp4,5,0.5342,1.9888
5.mp4,5,0.5411,2.1822
5.mp4,5,0.5406,2.0359
5.mp4,5,0.4864,2.1287
5.mp4,5,0.5009,2.0583
5.mp4,5,0.5741,2.0763
5.mp4,5,0.5477,2.1178
5.mp4,5,0.5968,1.6564
5.mp4,5,0.0756,1.706
5.mp4,5,0.6965,1.477
5.mp4,5,0.6158,1.6149
5.mp4,5,0.5671,1.7192
5.mp4,5,0.5512,1.071
5.mp4,5,0.5891,1.1121
5.mp4,5,0.5744,1.5702
5.mp4,5,0.604,1.6083
5.mp4,5,0.4939,1.7346
5.mp4,5,0.5915,1.6671
5.mp4,5,0.3507,1.6012
5.mp4,5,0.5569,1.6997
5.mp4,5,0.535,1.5147
5.mp4,5,0.5447,1.6767
5.mp4,5,0.5711,2.4558
5.mp4,5,0.5829,1.6052
5.mp4,5,0.6002,2.4461
5.mp4,5,0.5872,1.7268
5.mp4,5,0.5981,2.1988
5.mp4,5,0.5878,2.3846
5.mp4,5,0.5847,2.1757
5.mp4,5,0.5759,2.1693
5.mp4,5,0.5664,2.0656
5.mp4,5,0.0821,2.0526
5.mp4,5,0.5573,2.2697
5.mp4,5,0.445,2.0113
5.mp4,5,0.5464,2.3789
5.mp4,5,0.6116,2.0865
5.mp4,5,0.5831,1.7658
5.mp4,5,0.5828,2.1543
5.mp4,5,0.5012,2.0782
5.mp4,5,0.5425,2.0704
5.mp4,5,0.5054,1.598
5.mp4,5,0.4995,1.8136
5.mp4,5,0.4132,1.4658
5.mp4,5,0.4525,1.5799
5.mp4,5,0.5713,1.5941
5.mp4,5,0.5828,1.9498
5.mp4,5,0.4736,2.0313
5.mp4,5,0.6042,2.0811
5.mp4,5,0.2815,1.8413
5.mp4,5,0.5747,1.9788
5.mp4,5,0.5827,1.9785
5.mp4,5,0.5612,1.9277
5.mp4,5,0.5829,1.9689
5.mp4,5,0.5403,1.8069
5.mp4,5,0.5301,1.9833
5.mp4,5,0.5854,1.7919
5.mp4,5,0.3312,1.8077
5.mp4,5,0.58,1.7408
5.mp4,5,0.5656,1.8077
5.mp4,5,0.5608,1.8319
5.mp4,5,0.568,1.8437
5.mp4,5,0.5646,1.6925
5.mp4,5,0.5812,1.7977
5.mp4,5,0.5608,1.9052
5.mp4,5,0.5579,1.8689
5.mp4,5,0.5647,1.769
5.mp4,5,0.5637,1.7634
5.mp4,5,0.4323,2.0056
5.mp4,5,0.5396,2.0011
5.mp4,5,0.5215,1.8548
5.mp4,5,0.5732,1.8262
5.mp4,5,0.5451,1.8248
5.mp4,5,0.5577,1.7675
5.mp4,5,0.5416,1.8601
5.mp4,5,0.4408,1.8705
5.mp4,5,0.5506,1.9754
5.mp4,5,0.5726,1.7152
5.mp4,5,0.6102,1.6143
5.mp4,5,0.5633,1.8735
5.mp4,5,0.5855,1.6674
5.mp4,5,0.5642,1.864
5.mp4,5,0.5745,1.7799
5.mp4,5,0.2636,1.8156
5.mp4,5,0.5674,1.7303
5.mp4,5,0.5887,1.7506
5.mp4,5,0.5638,1.742
5.mp4,5,0.5536,1.7071
5.mp4,5,0.5837,1.6347
5.mp4,5,0.6007,1.6202
5.mp4,5,0.5532,1.7282
5.mp4,5,0.5666,1.6991
5.mp4,5,0.5856,1.8332
5.mp4,5,0.567,1.7382
5.mp4,5,0.2994,1.8532
5.mp4,5,0.5604,1.7478
5.mp4,5,0.5682,1.7022
5.mp4,5,0.575,1.8367
5.mp4,5,0.5828,1.7872
5.mp4,5,0.5689,1.6956
5.mp4,5,0.1898,1.6886
5.mp4,5,0.5807,1.7777
5.mp4,5,0.5707,1.792
5.mp4,5,0.5279,1.6761
5.mp4,5,0.5604,1.732
5.mp4,5,0.5636,1.8271
5.mp4,5,0.3202,1.8098
5.mp4,5,0.5601,1.7189
5.mp4,5,0.5724,1.6724
5.mp4,5,0.5431,1.7259
5.mp4,5,0.5628,1.6827
5.mp4,5,0.5554,1.8272
5.mp4,5,0.582,1.7272
5.mp4,5,0.5536,1.8614
5.mp4,5,0.5674,1.7941
5.mp4,5,0.582,1.6384
5.mp4,5,0.5876,1.7672
5.mp4,5,0.4639,1.6989
5.mp4,5,0.5818,1.6833
5.mp4,5,0.5502,1.6489
5.mp4,5,0.5417,1.7239
5.mp4,5,0.5491,1.7497
5.mp4,5,0.5126,1.6613
5.mp4,5,0.5707,1.7441
5.mp4,5,0.5917,1.7484
5.mp4,5,0.568,1.7109
5.mp4,5,0.539,1.7721
5.mp4,5,0.5665,1.6708
5.mp4,5,0.581,1.718
5.mp4,5,0.3289,1.8581
5.mp4,5,0.576,1.8325
5.mp4,5,0.5891,1.8101
5.mp4,5,0.2612,1.7044
5.mp4,5,0.5495,1.6729
5.mp4,5,0.5474,1.7228
5.mp4,5,0.2888,1.8922
5.mp4,5,0.5516,1.7633
5.mp4,5,0.5578,1.7884
5.mp4,5,0.5272,1.9114
5.mp4,5,0.3693,1.7068
5.mp4,5,0.5288,1.8864
5.mp4,5,0.5442,1.7362
5.mp4,5,0.5447,1.7255
5.mp4,5,0.5463,1.7265
5.mp4,5,0.5495,1.6047
5.mp4,5,0.541,1.7033
5.mp4,5,0.2701,1.8993
5.mp4,5,0.5229,1.7494
5.mp4,5,0.0963,2.0764
5.mp4,5,0.5218,1.9035
5.mp4,5,0.5313,1.9955
5.mp4,5,0.511,2.0381
5.mp4,5,0.5529,2.1
5.mp4,5,0.561,2.1024
5.mp4,5,0.564,1.9774
5.mp4,5,0.5626,1.8543
5.mp4,5,0.5406,1.7715
5.mp4,5,0.5544,2.1199
5.mp4,5,0.5654,1.9138
5.mp4,5,0.5584,1.9042
5.mp4,5,0.5358,1.856
5.mp4,5,0.4094,2.0221
5.mp4,5,0.5231,1.9913
5.mp4,5,0.5467,1.9623
5.mp4,5,0.5214,1.9475
5.mp4,5,0.5285,1.9
5.mp4,5,0.5004,1.8985
5.mp4,5,0.5333,2.0167
5.mp4,5,0.517,1.9108
5.mp4,5,0.5192,1.9715
5.mp4,5,0.223,1.9941
5.mp4,5,0.5511,1.8267
5.mp4,5,0.5317,1.9826
5.mp4,5,0.1002,1.8854
5.mp4,5,0.5216,1.7296
5.mp4,5,0.513,1.4726
5.mp4,5,0.5541,1.8295
5.mp4,5,0.5665,1.7935
5.mp4,5,0.5525,1.7621
5.mp4,5,0.5411,1.9932
5.mp4,5,0.584,1.9267
5.mp4,5,0.4986,2.0268
5.mp4,5,0.5737,2.041
5.mp4,5,0.5177,1.8508
5.mp4,5,0.5467,2.0698
5.mp4,5,0.5516,1.8685
5.mp4,5,0.537,1.7415
5.mp4,5,0.559,1.8774
5.mp4,5,0.5236,1.7894
5.mp4,5,0.5151,2.0345
5.mp4,5,0.5575,2.0849
5.mp4,5,0.5506,2.0105
5.mp4,5,0.5701,1.7172
5.mp4,5,0.11,1.9213
5.mp4,5,0.5506,1.9505
5.mp4,5,0.5816,1.8243
5.mp4,5,0.5526,1.7324
5.mp4,5,0.4436,1.9627
5.mp4,5,0.5556,1.7488
5.mp4,5,0.2365,2.086
5.mp4,5,0.5609,1.9261
5.mp4,5,0.5437,1.9729
5.mp4,5,0.5045,1.7972
5.mp4,5,0.555,2.0958
5.mp4,5,0.4103,1.8616
5.mp4,5,0.5936,1.935
5.mp4,5,0.5473,1.7611
5.mp4,5,0.5676,1.9071
5.mp4,5,0.5914,1.9186
5.mp4,5,0.5434,1.4782
5.mp4,5,0.2321,1.2139
5.mp4,5,0.6065,1.2739
5.mp4,5,0.5584,1.1966
5.mp4,5,0.3524,1.1818
5.mp4,5,0.5235,1.1836
5.mp4,5,0.3865,1.4344
5.mp4,5,0.592,1.741
5.mp4,5,0.5973,1.646
5.mp4,5,0.5629,1.7401
5.mp4,5,0.5878,1.7757
5.mp4,5,0.5862,1.8175
5.mp4,5,0.5531,1.9262
5.mp4,5,0.5539,1.7637
5.mp4,5,0.5922,1.807
5.mp4,5,0.556,1.7776
5.mp4,5,0.5536,1.8962
5.mp4,5,0.538,1.7559
5.mp4,5,0.56,1.7351
5.mp4,5,0.1071,1.7755
5.mp4,5,0.5476,1.9827
5.mp4,5,0.4502,1.8158
5.mp4,5,0.5555,2.0478
5.mp4,5,0.5514,1.6471
5.mp4,5,0.5635,2.041
5.mp4,5,0.5633,1.8819
5.mp4,5,0.5414,1.8976
5.mp4,5,0.5482,1.9672
5.mp4,5,0.53,1.8197
5.mp4,5,0.5491,1.8734
5.mp4,5,0.5931,2.0088
5.mp4,5,0.5977,1.3427
5.mp4,5,0.4232,1.0924
5.mp4,5,0.519,1.2701
5.mp4,5,0.1885,1.3025
5.mp4,5,0.5873,1.6471
5.mp4,5,0.2371,1.7184
5.mp4,5,0.2289,1.8327
5.mp4,5,0.5373,1.6953
5.mp4,5,0.4904,1.9196
5.mp4,5,0.5348,1.8033
5.mp4,5,0.5337,1.8568
5.mp4,5,0.5548,1.8433
5.mp4,5,0.5493,1.8738
5.mp4,5,0.542,1.9198
5.mp4,5,0.5763,1.7674
5.mp4,5,0.5625,1.8194
5.mp4,5,0.5536,1.6847
5.mp4,5,0.5784,1.7108
5.mp4,5,0.5511,1.6512
5.mp4,5,0.5483,1.6261
5.mp4,5,0.5393,1.7899
5.mp4,5,0.5588,1.6716
5.mp4,5,0.5567,1.7067
5.mp4,5,0.1947,2.5784
5.mp4,5,0.5741,2.0788
5.mp4,5,0.5627,2.1041
5.mp4,5,0.1154,2.2279
5.mp4,5,0.5325,2.0424
5.mp4,5,0.5527,1.9831
5.mp4,5,0.561,2.2537
5.mp4,5,0.607,2.0382
5.mp4,5,0.544,1.9268
5.mp4,5,0.5364,2.0328
5.mp4,5,0.4376,1.8005
5.mp4,5,0.551,1.7638
5.mp4,5,0.5699,1.7294
5.mp4,5,0.5638,1.7339
5.mp4,5,0.5938,1.6021
5.mp4,5,0.5464,1.7764
5.mp4,5,0.4801,1.5083
5.mp4,5,0.513,1.4849
5.mp4,5,0.5238,1.2564
5.mp4,5,0.6009,1.5894
5.mp4,5,0.6012,1.4906
5.mp4,5,0.5876,1.8498
5.mp4,5,0.5974,1.8699
5.mp4,5,0.5765,1.8043
5.mp4,5,0.5565,1.7084
5.mp4,5,0.5676,1.7425
5.mp4,5,0.5708,1.7847
5.mp4,5,0.5686,1.7929
5.mp4,5,0.5444,1.6978
5.mp4,5,0.5818,1.7964
5.mp4,5,0.5141,1.8321
5.mp4,5,0.5616,1.7948
5.mp4,5,0.5979,1.9135
5.mp4,5,0.4942,1.633
10.mp4,10,0.1941,2.4865
10.mp4,10,0.2088,2.6892
10.mp4,10,0.1903,2.5757
10.mp4,10,0.1582,2.7214
10.mp4,10,0.1962,2.226
10.mp4,10,0.1845,2.4584
10.mp4,10,0.205,3.7664
10.mp4,10,0.2151,2.582
10.mp4,10,0.1933,2.4681
10.mp4,10,0.2211,2.6209
10.mp4,10,0.1688,1.4515
10.mp4,10,0.1456,1.8642
10.mp4,10,0.1522,1.4776
10.mp4,10,0.136,1.4031
10.mp4,10,0.1592,1.5983
10.mp4,10,0.0764,2.2373
10.mp4,10,0.2068,2.5874
10.mp4,10,0.1857,2.2466
10.mp4,10,0.2116,2.5876
10.mp4,10,0.2232,2.5051
10.mp4,10,0.2322,3.2503
10.mp4,10,0.2184,2.7591
10.mp4,10,0.222,2.7445
10.mp4,10,0.2051,2.4729
10.mp4,10,0.2296,2.4812
10.mp4,10,0.1016,2.8859
10.mp4,10,0.1478,2.7033
10.mp4,10,0.1907,2.9973
10.mp4,10,0.2007,2.3301
10.mp4,10,0.1984,2.116
10.mp4,10,0.205,2.0165
10.mp4,10,0.2231,2.2072
10.mp4,10,0.2122,2.284
10.mp4,10,0.2124,2.4926
10.mp4,10,0.2166,2.5063
10.mp4,10,0.2012,2.2891
10.mp4,10,0.2088,2.4128
10.mp4,10,0.1866,2.6045
10.mp4,10,0.1967,2.1161
10.mp4,10,0.2009,2.2111
10.mp4,10,0.2161,2.2219
10.mp4,10,0.2071,2.3743
10.mp4,10,0.2067,2.4613
10.mp4,10,0.0272,2.3814
10.mp4,10,0.2002,2.0999
10.mp4,10,0.2111,2.0091
10.mp4,10,0.2022,2.2484
10.mp4,10,0.2021,2.1139
10.mp4,10,0.1999,2.4769
10.mp4,10,0.2081,3.0845
10.mp4,10,0.1886,2.8424
10.mp4,10,0.1833,2.2746
10.mp4,10,0.1691,2.3643
10.mp4,10,0.1881,1.62
10.mp4,10,0.2059,1.8515
10.mp4,10,0.1616,1.4391
10.mp4,10,0.0565,1.319
10.mp4,10,0.1623,2.521
10.mp4,10,0.2074,2.1956
10.mp4,10,0.2213,2.3915
10.mp4,10,0.219,2.4849
10.mp4,10,0.2159,2.3876
10.mp4,10,0.2061,2.5194
10.mp4,10,0.2178,2.696
10.mp4,10,0.2311,2.6069
10.mp4,10,0.2235,2.7321
10.mp4,10,0.2293,2.5711
10.mp4,10,0.2349,2.8109
10.mp4,10,0.2261,2.4511
10.mp4,10,0.2296,2.2925
10.mp4,10,0.2255,2.5752
10.mp4,10,0.2213,2.4889
10.mp4,10,0.2035,2.1416
10.mp4,10,0.2181,2.4955
10.mp4,10,0.2233,2.399
10.mp4,10,0.217,2.3294
10.mp4,10,0.2064,2.6152
10.mp4,10,0.1987,2.5464
10.mp4,10,0.2056,2.6484
10.mp4,10,0.1971,2.5765
10.mp4,10,0.2138,2.4782
10.mp4,10,0.0314,2.2533
10.mp4,10,0.1867,2.3656
10.mp4,10,0.0376,1.2812
10.mp4,10,0.0334,2.1835
10.mp4,10,0.1784,1.6581
10.mp4,10,0.0737,2.4304
10.mp4,10,0.2287,2.3861
10.mp4,10,0.2125,2.3369
10.mp4,10,0.2255,2.29
10.mp4,10,0.1807,2.2309
10.mp4,10,0.2214,2.388
10.mp4,10,0.2225,1.8551
10.mp4,10,0.2267,1.8497
10.mp4,10,0.2198,1.8009
10.mp4,10,0.2215,1.9651
10.mp4,10,0.2188,2.0475
10.mp4,10,0.2272,2.1971
10.mp4,10,0.2102,1.8115
10.mp4,10,0.2169,2.0511
10.mp4,10,0.2076,2.1573
10.mp4,10,0.221,2.2013
10.mp4,10,0.2184,2.1803
10.mp4,10,0.2171,2.3094
10.mp4,10,0.2206,1.9783
10.mp4,10,0.2209,1.9165
10.mp4,10,0.2059,1.5209
10.mp4,10,0.163,1.5649
10.mp4,10,0.2006,1.3701
10.mp4,10,0.1745,2.183
10.mp4,10,0.2394,1.8464
10.mp4,10,0.2369,1.6958
10.mp4,10,0.2143,1.7626
10.mp4,10,0.2202,2.0358
10.mp4,10,0.2173,1.7381
10.mp4,10,0.2168,2.0222
10.mp4,10,0.2134,1.8824
10.mp4,10,0.2057,2.3244
10.mp4,10,0.2183,2.0225
10.mp4,10,0.223,1.979
10.mp4,10,0.224,2.1503
10.mp4,10,0.2214,2.0537
10.mp4,10,0.2065,2.1208
10.mp4,10,0.2272,2.0549
10.mp4,10,0.2126,2.2543
10.mp4,10,0.2045,2.1093
10.mp4,10,0.2196,2.0326
10.mp4,10,0.2269,1.9896
10.mp4,10,0.1817,2.1759
10.mp4,10,0.1681,2.0752
10.mp4,10,0.2122,2.3326
10.mp4,10,0.2168,2.1721
10.mp4,10,0.2158,2.4121
10.mp4,10,0.2216,2.3801
10.mp4,10,0.224,2.5661
10.mp4,10,0.2193,2.5433
10.mp4,10,0.2259,2.5408
10.mp4,10,0.2131,3.2827
10.mp4,10,0.2178,2.6835
10.mp4,10,0.226,1.812
10.mp4,10,0.2171,2.3925
10.mp4,10,0.2386,2.5094
10.mp4,10,0.2375,2.5853
10.mp4,10,0.2306,2.3998
10.mp4,10,0.2273,2.3716
10.mp4,10,0.1602,2.7874
10.mp4,10,0.2322,2.5144
10.mp4,10,0.2171,2.7044
10.mp4,10,0.2254,2.5951
10.mp4,10,0.2385,2.1935
10.mp4,10,0.219,2.2723
10.mp4,10,0.2313,2.3542
10.mp4,10,0.2215,3.0042
10.mp4,10,0.2322,2.5255
10.mp4,10,0.2344,2.2287
10.mp4,10,0.2224,2.7118
10.mp4,10,0.0518,2.306
10.mp4,10,0.0274,2.7324
10.mp4,10,0.2137,3.2688
10.mp4,10,0.0433,2.3329
10.mp4,10,0.2245,2.4293
10.mp4,10,0.1303,2.5198
10.mp4,10,0.1034,1.6586
10.mp4,10,0.2304,1.982
10.mp4,10,0.1974,2.9774
10.mp4,10,0.0337,2.7508
10.mp4,10,0.1937,2.382
10.mp4,10,0.2014,2.6357
10.mp4,10,0.1993,2.6482
10.mp4,10,0.2071,2.4629
10.mp4,10,0.2253,2.5128
10.mp4,10,0.2226,2.3894
10.mp4,10,0.2247,2.5568
10.mp4,10,0.2316,2.3783
10.mp4,10,0.2278,2.2616
10.mp4,10,0.2258,2.3021
10.mp4,10,0.186,2.1949
10.mp4,10,0.1698,2.0258
10.mp4,10,0.1801,2.4335
10.mp4,10,0.1533,2.5546
10.mp4,10,0.2034,2.3599
10.mp4,10,0.1938,2.1024
10.mp4,10,0.2014,2.3301
10.mp4,10,0.2133,2.0518
10.mp4,10,0.213,2.14
10.mp4,10,0.1964,2.0567
10.mp4,10,0.0365,2.325
10.mp4,10,0.0438,2.2194
10.mp4,10,0.1947,1.6817
10.mp4,10,0.1683,1.6369
10.mp4,10,0.1304,1.297
10.mp4,10,0.1821,1.5885
10.mp4,10,0.2272,1.5655
10.mp4,10,0.2312,2.0917
10.mp4,10,0.2266,2.5628
10.mp4,10,0.2363,2.4166
10.mp4,10,0.2355,2.5175
10.mp4,10,0.2417,2.4093
10.mp4,10,0.2172,2.5807
10.mp4,10,0.2268,2.1654
10.mp4,10,0.2134,2.0837
10.mp4,10,0.214,2.0173
10.mp4,10,0.2071,2.0939
10.mp4,10,0.2019,2.1314
10.mp4,10,0.1987,2.5698
10.mp4,10,0.1928,1.9734
10.mp4,10,0.2066,2.02
10.mp4,10,0.2167,2.5294
10.mp4,10,0.2073,2.2373
10.mp4,10,0.215,2.1873
10.mp4,10,0.2256,2.2541
10.mp4,10,0.2278,2.1562
10.mp4,10,0.2177,2.4521
10.mp4,10,0.218,2.3249
10.mp4,10,0.2234,2.1494
10.mp4,10,0.2145,2.2583
10.mp4,10,0.2218,2.4791
10.mp4,10,0.2196,2.3174
10.mp4,10,0.2159,2.2763
10.mp4,10,0.2157,2.079
10.mp4,10,0.2132,2.0789
10.mp4,10,0.2094,2.3651
10.mp4,10,0.2049,2.2645
10.mp4,10,0.2158,2.2889
10.mp4,10,0.2002,1.8912
10.mp4,10,0.1998,1.5546
10.mp4,10,0.2025,1.5064
10.mp4,10,0.161,1.3741
10.mp4,10,0.1519,1.1345
10.mp4,10,0.2097,1.9794
10.mp4,10,0.039,1.7635
10.mp4,10,0.2168,1.8504
10.mp4,10,0.2223,2.2183
10.mp4,10,0.2163,2.0516
10.mp4,10,0.2229,2.3695
10.mp4,10,0.2075,2.2784
10.mp4,10,0.2067,2.2246
10.mp4,10,0.2112,2.2706
10.mp4,10,0.2294,2.416
10.mp4,10,0.2355,2.5542
10.mp4,10,0.221,2.4954
10.mp4,10,0.2207,2.3705
10.mp4,10,0.2135,2.0629
10.mp4,10,0.215,2.4569
10.mp4,10,0.2216,1.9143
10.mp4,10,0.2163,2.1358
10.mp4,10,0.2252,2.228
10.mp4,10,0.2144,2.1208
10.mp4,10,0.2146,2.3372
10.mp4,10,0.2171,2.1379
10.mp4,10,0.2299,2.1683
10.mp4,10,0.1899,1.868
10.mp4,10,0.2254,2.2322
10.mp4,10,0.2098,2.1678
10.mp4,10,0.2402,2.6457
10.mp4,10,0.2101,2.207
10.mp4,10,0.1375,2.1235
10.mp4,10,0.2167,2.392
10.mp4,10,0.2227,2.2663
10.mp4,10,0.2062,2.396
10.mp4,10,0.2218,2.4568
10.mp4,10,0.22,2.2062
10.mp4,10,0.2264,1.9252
10.mp4,10,0.2245,2.2923
10.mp4,10,0.2306,1.9451
10.mp4,10,0.2192,2.0271
10.mp4,10,0.2457,2.0962
10.mp4,10,0.2412,1.9722
10.mp4,10,0.2192,1.9372
10.mp4,10,0.2279,2.2471
10.mp4,10,0.2263,2.0955
10.mp4,10,0.2343,2.0716
10.mp4,10,0.2287,2.025
10.mp4,10,0.2323,2.1502
10.mp4,10,0.0715,2.1063
10.mp4,10,0.1782,1.5137
10.mp4,10,0.1514,1.7345
10.mp4,10,0.2046,1.6484
10.mp4,10,0.1872,1.8884
10.mp4,10,0.0537,1.6905
10.mp4,10,0.1351,1.9854
10.mp4,10,0.0682,2.2753
10.mp4,10,0.209,2.372
10.mp4,10,0.2204,2.0957
10.mp4,10,0.2264,2.0821
10.mp4,10,0.2216,2.0197
10.mp4,10,0.2158,2.1719
10.mp4,10,0.2207,2.1885
10.mp4,10,0.2246,2.5087
10.mp4,10,0.2083,2.2735
10.mp4,10,0.2162,2.2793
10.mp4,10,0.2257,2.0156
10.mp4,10,0.2183,2.2455
10.mp4,10,0.2195,2.3061
10.mp4,10,0.2386,2.4255
10.mp4,10,0.2252,2.2603
10.mp4,10,0.1119,2.434
10.mp4,10,0.0484,1.8333
10.mp4,10,0.2437,2.131
10.mp4,10,0.2049,2.7376
10.mp4,10,0.23,2.376
10.mp4,10,0.2359,2.3337
10.mp4,10,0.2397,2.8497
10.mp4,10,0.2233,2.5133
10.mp4,10,0.2102,2.039
10.mp4,10,0.2427,2.2174
10.mp4,10,0.201,2.2972
10.mp4,10,0.1682,1.8479
10.mp4,10,0.2139,2.2067
10.mp4,10,0.2127,2.147
10.mp4,10,0.2117,2.0214
10.mp4,10,0.2235,2.003
10.mp4,10,0.1996,2.096
10.mp4,10,0.2235,2.0151
10.mp4,10,0.2274,2.1956
10.mp4,10,0.2176,2.0541
10.mp4,10,0.2176,2.1733
10.mp4,10,0.1907,2.1798
10.mp4,10,0.2047,2.1376
10.mp4,10,0.2232,2.3369
10.mp4,10,0.2179,2.0532
10.mp4,10,0.2258,2.0336
10.mp4,10,0.2281,2.5279
10.mp4,10,0.2241,2.1521
10.mp4,10,0.2247,2.0721
10.mp4,10,0.0467,2.2783
10.mp4,10,0.1903,2.1448
10.mp4,10,0.1721,2.2372
10.mp4,10,0.042,2.0159
10.mp4,10,0.2001,1.8906
10.mp4,10,0.2038,2.4955
10.mp4,10,0.0791,2.2586
10.mp4,10,0.1492,1.5916
10.mp4,10,0.1794,2.0017
10.mp4,10,0.1724,2.0339
10.mp4,10,0.1742,2.2236
10.mp4,10,0.0264,1.607
10.mp4,10,0.1876,1.4241
10.mp4,10,0.1719,1.6526
10.mp4,10,0.1471,1.4611
10.mp4,10,0.2121,2.469
10.mp4,10,0.207,2.5452
10.mp4,10,0.0521,2.2211
10.mp4,10,0.212,2.2438
10.mp4,10,0.1642,2.1985
